Nome,Telefone,Bairro,Avaliação Google,Nº Avaliações,Google Maps,Script Versão,Status,Data Msg 1,Data Follow-up,Data Encerramento,Resposta do Lead,Observações
*Barber 347* | Barbearia | Barbearia em São Paulo| Barbearia em Santana | Barbearia na Zona Norte 💈,+55 11 95430-8579,Santana,4.9,123,https://www.google.com/maps/search/?api=1&query=*Barber%20347*%20%7C%20Barbearia%20%7C%20Barbearia%20em%20S%C3%A3o%20Paulo%7C%20Barbearia%20em%20Santana%20%7C%20Barbearia%20na%20Zona%20Norte%20%F0%9F%92%88&query_place_id=ChIJWew4Z2H3zpQRFRl5LOBY2Gw,,Não contactado,,,,,
Barbearia Santana,+55 11 95116-4747,Santana,4.8,129,https://www.google.com/maps/search/?api=1&query=Barbearia%20Santana&query_place_id=ChIJmfZyrc33zpQR_aWa5KAdKmM,,Não contactado,,,,,
Barbearia Suprema,+55 11 98254-5731,Santana,4.9,195,https://www.google.com/maps/search/?api=1&query=Barbearia%20Suprema&query_place_id=ChIJGVVl4S33zpQR-a1FLBC42xs,,Não contactado,,,,,
Robson Santana barbearia,+55 11 94601-1470,Santana,4.9,54,https://www.google.com/maps/search/?api=1&query=Robson%20Santana%20barbearia&query_place_id=ChIJGfnC7rn3zpQR4CUekmSVdz4,,Não contactado,,,,,
Beco da Navalha,+55 11 97891-7126,Santana,4.9,256,https://www.google.com/maps/search/?api=1&query=Beco%20da%20Navalha&query_place_id=ChIJK7O9XtD3zpQRyHN9fTZoPIo,,Não contactado,,,,,
Barbearia Zona Norte,+55 11 95396-0159,Santana,4.9,94,https://www.google.com/maps/search/?api=1&query=Barbearia%20Zona%20Norte&query_place_id=ChIJF9U3-SD3zpQR41zLE2SDWes,,Não contactado,,,,,
RB BARBEARIA SANTANA,+55 11 95552-6904,Santana,4.7,45,https://www.google.com/maps/search/?api=1&query=RB%20BARBEARIA%20SANTANA&query_place_id=ChIJ9Tim8ij2zpQRQvPCWxVuUxU,,Não contactado,,,,,
Studio TR Barbearia,+55 11 98958-2873,Santana,4.9,76,https://www.google.com/maps/search/?api=1&query=Studio%20TR%20Barbearia&query_place_id=ChIJSaUn7M33zpQR7ceTAR9syM8,,Não contactado,,,,,
GW barbearia,+55 11 98268-2887,Santana,5,79,https://www.google.com/maps/search/?api=1&query=GW%20barbearia&query_place_id=ChIJ1QeYYTz3zpQR2AD0bfUoZ4g,,Não contactado,,,,,
Castellano's Barber Shop - Tatuapé,+55 11 99382-9859,Tatuapé,4.7,181,https://www.google.com/maps/search/?api=1&query=Castellano's%20Barber%20Shop%20-%20Tatuap%C3%A9&query_place_id=ChIJo_0dHgNfzpQRurXdaAxKQ1o,,Não contactado,,,,,
Barbearia Mr. Gump Tatuapé,+55 11 96198-0985,Vila Gomes Cardim,5,1221,https://www.google.com/maps/search/?api=1&query=Barbearia%20Mr.%20Gump%20Tatuap%C3%A9&query_place_id=ChIJ4y0jhQBfzpQRHBSlwsw8pdw,,Não contactado,,,,,
Nova R&R Barber Shop - Melhor Barbearia do Tatuapé,+55 11 96776-2825,Tatuapé,4.6,117,https://www.google.com/maps/search/?api=1&query=Nova%20R%26R%20Barber%20Shop%20-%20Melhor%20Barbearia%20do%20Tatuap%C3%A9&query_place_id=ChIJxTFJU4tfzpQR11WN0GOaeZk,,Não contactado,,,,,
The Ellite Barber Shop,+55 11 2688-8609,Tatuapé,4.7,53,https://www.google.com/maps/search/?api=1&query=The%20Ellite%20Barber%20Shop&query_place_id=ChIJT_tdZKVfzpQRVCwfmzSVGnE,,Não contactado,,,,,
Barbearia Los Manos,+55 11 3836-3275,Lapa,4.7,75,https://www.google.com/maps/search/?api=1&query=Barbearia%20Los%20Manos&query_place_id=ChIJuUIfuDn5zpQRPaxE0ZUuqOA,,Não contactado,,,,,
Lapa Barber´s,+55 11 97088-5709,Lapa,5,4,https://www.google.com/maps/search/?api=1&query=Lapa%20Barber%C2%B4s&query_place_id=ChIJr_KoVN_5zpQRaIo1XDFWFM4,,Não contactado,,,,,
Marcello's Cortes,+55 11 95131-9792,Lapa,4.8,179,https://www.google.com/maps/search/?api=1&query=Marcello's%20Cortes&query_place_id=ChIJP1Y6pmX4zpQRN4g95ECMctc,,Não contactado,,,,,
Retrô 22,+55 11 95193-3863,Lapa,5,131,https://www.google.com/maps/search/?api=1&query=Retr%C3%B4%2022&query_place_id=ChIJCSpbXTD5zpQR_UHyli09gSg,,Não contactado,,,,,
Barbearia abadia,+55 11 98154-9199,Lapa de Baixo,4.7,83,https://www.google.com/maps/search/?api=1&query=Barbearia%20abadia&query_place_id=ChIJa2aZB2f4zpQRn9Xk9_4MAXI,,Não contactado,,,,,
BARBEARIA FREESTYLE 01,+55 11 96830-1177,Vila Carmosina,4.7,173,https://www.google.com/maps/search/?api=1&query=BARBEARIA%20FREESTYLE%2001&query_place_id=ChIJVZw955lmzpQRFwLy9UmFZqU,,Não contactado,,,,,
BARBEARIA FREESTYLE 02,+55 11 95924-6539,Vila Carmosina,4.7,259,https://www.google.com/maps/search/?api=1&query=BARBEARIA%20FREESTYLE%2002&query_place_id=ChIJZU_CJLJnzpQReQYiwbHluls,,Não contactado,,,,,
Barbearia First Option Classe A,+55 11 94732-3345,Itaquera,4.8,214,https://www.google.com/maps/search/?api=1&query=Barbearia%20First%20Option%20Classe%20A&query_place_id=ChIJWRpDCJRmzpQRMgeJ4OJ1XOk,,Não contactado,,,,,
Barbearia DS,+55 11 98241-8854,Itaquera,4.9,232,https://www.google.com/maps/search/?api=1&query=Barbearia%20DS&query_place_id=ChIJozIaMkNnzpQRRfRYothnorE,,Não contactado,,,,,
Primos Barbearia,+55 11 95992-9488,Itaquera,4.6,80,https://www.google.com/maps/search/?api=1&query=Primos%20Barbearia&query_place_id=ChIJs5f5jKVmzpQR9D8d5_OLuS4,,Não contactado,,,,,
Trezentos Barber Shop,+55 11 93956-3128,Jardim Cleide,3.7,25,https://www.google.com/maps/search/?api=1&query=Trezentos%20Barber%20Shop&query_place_id=ChIJ-eY6qAdnzpQR2W8xq2LpfRc,,Não contactado,,,,,
Barbearia - New Style,+55 11 95211-6161,Conjunto Residencial José Bonifácio,4.9,217,https://www.google.com/maps/search/?api=1&query=Barbearia%20-%20New%20Style&query_place_id=ChIJt_8aS5tmzpQRH4_0I22a_Lc,,Não contactado,,,,,
Original Barbearia,+55 11 4248-8361,Itaquera,4.5,201,https://www.google.com/maps/search/?api=1&query=Original%20Barbearia&query_place_id=ChIJ8_Zs3JlmzpQRp_9R2BsGRMc,,Não contactado,,,,,
Barbearia Black Zone Pinheiros Fradique Coutinho,+55 11 2478-2748,Pinheiros,4.9,630,https://www.google.com/maps/search/?api=1&query=Barbearia%20Black%20Zone%20Pinheiros%20Fradique%20Coutinho&query_place_id=ChIJm7HG0EtXzpQRO-WhaXOdHkI,,Não contactado,,,,,
Barbearia Studio Luiz Barber 💈,+55 11 95994-1795,Pinheiros,5,58,https://www.google.com/maps/search/?api=1&query=Barbearia%20Studio%20Luiz%20Barber%20%F0%9F%92%88&query_place_id=ChIJ8xsCPuBXzpQRlimNwLDxUwg,,Não contactado,,,,,
Barbearia The Captain’s - Pinheiros,+55 11 97690-0924,Pinheiros,4.5,151,https://www.google.com/maps/search/?api=1&query=Barbearia%20The%20Captain%E2%80%99s%20-%20Pinheiros&query_place_id=ChIJL61K0WxXzpQRcB3CivLigJ8,,Não contactado,,,,,
Barbearia o Calixto - Pinheiros,+55 11 4562-3450,Pinheiros,5,21,https://www.google.com/maps/search/?api=1&query=Barbearia%20o%20Calixto%20-%20Pinheiros&query_place_id=ChIJE1lz0YVXzpQRsA6NWS7J3iw,,Não contactado,,,,,
Barbearia Valentins,+55 11 95459-2011,Pinheiros,4.9,99,https://www.google.com/maps/search/?api=1&query=Barbearia%20Valentins&query_place_id=ChIJh1-fQvtXzpQRMOfSulsWzQc,,Não contactado,,,,,
Drip & Cut Barber Co.,+55 11 99753-0289,Vila Mariana,5,155,https://www.google.com/maps/search/?api=1&query=Drip%20%26%20Cut%20Barber%20Co.&query_place_id=ChIJbVKKVAtbzpQRluUKIWWR0hc,,Não contactado,,,,,
Barber SP,+55 11 5908-1673,Vila Mariana,4.9,182,https://www.google.com/maps/search/?api=1&query=Barber%20SP&query_place_id=ChIJvQNGpI1ZzpQR0aXMEtcmvLo,,Não contactado,,,,,
Barbearia Reinaldo - Mooca,+55 11 97968-3949,Mooca,5,36,https://www.google.com/maps/search/?api=1&query=Barbearia%20Reinaldo%20-%20Mooca&query_place_id=ChIJMfGLcZZZzpQR4B33iI7nQb4,,Não contactado,,,,,
Barbearia Conventi Mooca IV,+55 11 93218-0662,Mooca,5,271,https://www.google.com/maps/search/?api=1&query=Barbearia%20Conventi%20Mooca%20IV&query_place_id=ChIJWacqyg5ZzpQRMCWOIXnLC4o,,Não contactado,,,,,
Felix Barbershop Mooca,+55 11 98630-0463,Alto da Mooca,5,36,https://www.google.com/maps/search/?api=1&query=Felix%20Barbershop%20Mooca&query_place_id=ChIJg-WqmPZdzpQRYkT3ShUnTN8,,Não contactado,,,,,
RB Barbearia,+55 11 2157-2468,Mooca,4.9,94,https://www.google.com/maps/search/?api=1&query=RB%20Barbearia&query_place_id=ChIJMU-IRKtezpQRq0JV3BoJlsE,,Não contactado,,,,,
Barbearia Dom Papito unidade Mooca,+55 11 94890-2009,Mooca,5,104,https://www.google.com/maps/search/?api=1&query=Barbearia%20Dom%20Papito%20unidade%20Mooca&query_place_id=ChIJ_amVCvFZzpQR2Bu_b3rm2go,,Não contactado,,,,,
Barbearia Costa Norte,+55 11 3729-6167,Santana,4.8,156,https://www.google.com/maps/search/?api=1&query=Barbearia%20Costa%20Norte&query_place_id=ChIJT-UYZ1v3zpQRM5VWZWom9FQ,,Não contactado,,,,,
Barbearia Rio Grande,+55 11 94949-8118,Vila Mariana,4.6,132,https://www.google.com/maps/search/?api=1&query=Barbearia%20Rio%20Grande&query_place_id=ChIJXVIO4IhZzpQRGqCLAYwDnFc,,Não contactado,,,,,
London Barbearia Tatuapé,+55 11 96987-5816,Tatuapé,5,79,https://www.google.com/maps/search/?api=1&query=London%20Barbearia%20Tatuap%C3%A9&query_place_id=ChIJkQVTryZfzpQRtaWUlTnigN8,,Não contactado,,,,,
Barbearia Bravíssimo,+55 11 2532-1143,Vila Mariana,4.6,242,https://www.google.com/maps/search/?api=1&query=Barbearia%20Brav%C3%ADssimo&query_place_id=ChIJ0wjC3NRbzpQRDF2cHmhNH8M,,Não contactado,,,,,
Ortiz barber,+55 11 97223-1639,Itaquera,5,27,https://www.google.com/maps/search/?api=1&query=Ortiz%20barber&query_place_id=ChIJbeP5gwxlzpQRHI62GbGN1dc,,Não contactado,,,,,
BARBEARIA NASHVILLE,+55 11 94629-9799,Itaquera,4.9,24,https://www.google.com/maps/search/?api=1&query=BARBEARIA%20NASHVILLE&query_place_id=ChIJBd6ILgJZzpQRTrMPY2uAz3U,,Não contactado,,,,,
Barbearia Trajano,+55 11 94600-5376,Lapa,5,14,https://www.google.com/maps/search/?api=1&query=Barbearia%20Trajano&query_place_id=ChIJudNOI2j5zpQRNxH5CRNez_s,,Não contactado,,,,,
BARBEARIA SANTANA,+55 11 94485-3250,Parque da Mooca,4.9,39,https://www.google.com/maps/search/?api=1&query=BARBEARIA%20SANTANA&query_place_id=ChIJ4RHgxH5ZzpQRQnUGNFV8tew,,Não contactado,,,,,
Barbearia Santana,+55 11 95953-5587,Jardim Helena,5,11,https://www.google.com/maps/search/?api=1&query=Barbearia%20Santana&query_place_id=ChIJgQplPM5jzpQRnielzF7uXic,,Não contactado,,,,,
Barbearia Qc,+55 11 95202-3275,Itaquera,4.9,38,https://www.google.com/maps/search/?api=1&query=Barbearia%20Qc&query_place_id=ChIJG91Muy5hzpQR5AE3CPky-H8,,Não contactado,,,,,
Harlem Barber Club - Shopping Eldorado,+55 11 99929-7956,Pinheiros,4.6,236,https://www.google.com/maps/search/?api=1&query=Harlem%20Barber%20Club%20-%20Shopping%20Eldorado&query_place_id=ChIJERbo9eBXzpQRlsi9x_N7rEY,,Não contactado,,,,,
Barber Shop Black Stylle (Unidade Tatuapé),+55 11 93754-1550,Tatuapé,5,227,https://www.google.com/maps/search/?api=1&query=Barber%20Shop%20Black%20Stylle%20(Unidade%20Tatuap%C3%A9)&query_place_id=ChIJMXtfUAZfzpQRIrFapfrQkVw,,Não contactado,,,,,
Barbearia Barber Woman,+55 11 93261-4004,Alto da Lapa,5,43,https://www.google.com/maps/search/?api=1&query=Barbearia%20Barber%20Woman&query_place_id=ChIJI3O8puP5zpQRx-ryqVGU9MU,,Não contactado,,,,,
Barbearia D' Diniz,+55 11 94107-1157,Itaquera,4.6,126,https://www.google.com/maps/search/?api=1&query=Barbearia%20D'%20Diniz&query_place_id=ChIJVVVyuPlmzpQRpmCNQ6qTXXA,,Não contactado,,,,,
Barbearia Hera,+55 11 3796-7398,Tatuapé,4.9,308,https://www.google.com/maps/search/?api=1&query=Barbearia%20Hera&query_place_id=ChIJFa-XddxezpQRQr8XEf_Cqzk,,Não contactado,,,,,
Bento Barbearia,+55 11 99251-8946,Parque da Lapa,5,60,https://www.google.com/maps/search/?api=1&query=Bento%20Barbearia&query_place_id=ChIJrQggitT5zpQRpsIyAurnZfA,,Não contactado,,,,,
Barbearia Santana & Cia.,+55 11 94996-7195,Americanópolis,5,57,https://www.google.com/maps/search/?api=1&query=Barbearia%20Santana%20%26%20Cia.&query_place_id=ChIJi0BjIMdFzpQRjpB03PBiLcw,,Não contactado,,,,,
Vintage Barbearia,+55 11 3213-4514,Tatuapé,4.7,103,https://www.google.com/maps/search/?api=1&query=Vintage%20Barbearia&query_place_id=ChIJjbRnvItezpQRIzi-Dl-QAnQ,,Não contactado,,,,,
Barbearia Santos,+55 11 95725-5638,Itaquera,4.7,17,https://www.google.com/maps/search/?api=1&query=Barbearia%20Santos&query_place_id=ChIJ_SMpyTRnzpQRMcJcQ0znOeQ,,Não contactado,,,,,
Barbearia Adaga Tattoo e body Pircing,+55 11 5083-6193,Vila Mariana,4.9,216,https://www.google.com/maps/search/?api=1&query=Barbearia%20Adaga%20Tattoo%20e%20body%20Pircing&query_place_id=ChIJi6UabvpZzpQR54BPCGWMg0U,,Não contactado,,,,,
Moocabelo Barber Shop,+55 11 95081-4046,Mooca,5,18,https://www.google.com/maps/search/?api=1&query=Moocabelo%20Barber%20Shop&query_place_id=ChIJo3RZ1cJZzpQRRKetIuqnAmI,,Não contactado,,,,,
barbershopdocarioca,+55 11 98804-3854,Mooca,5,91,https://www.google.com/maps/search/?api=1&query=barbershopdocarioca&query_place_id=ChIJQw09SxBZzpQR3Om5IbamRbY,,Não contactado,,,,,
Barber Brasil (A Loja do Barbeiro),+55 11 2073-5414,Itaquera,5,94,https://www.google.com/maps/search/?api=1&query=Barber%20Brasil%20(A%20Loja%20do%20Barbeiro)&query_place_id=ChIJE9EKllJlzpQR1LdpShvF0OE,,Não contactado,,,,,
Barbearia Nascimento,+55 11 91876-8549,Santana,4.6,93,https://www.google.com/maps/search/?api=1&query=Barbearia%20Nascimento&query_place_id=ChIJu7O3mSn2zpQRxiB2UMcpqrY,,Não contactado,,,,,
Barbearia e Estética Fio do Bigode,+55 11 3675-5262,Alto de Pinheiros,4.8,161,https://www.google.com/maps/search/?api=1&query=Barbearia%20e%20Est%C3%A9tica%20Fio%20do%20Bigode&query_place_id=ChIJ70HPgZD5zpQRAte2hqevoH4,,Não contactado,,,,,
Mattos Barbearia,+55 11 97711-7423,Itaquera,5,58,https://www.google.com/maps/search/?api=1&query=Mattos%20Barbearia&query_place_id=ChIJ3xzFl8dnzpQRsp7rE1SbnyY,,Não contactado,,,,,
Barbearia Belo Corte,+55 11 95245-3943,Santana,4.3,22,https://www.google.com/maps/search/?api=1&query=Barbearia%20Belo%20Corte&query_place_id=ChIJq-6Uv6_3zpQR_wruDuj9cOg,,Não contactado,,,,,
Barbearia Ramirez,+55 11 3082-2530,Pinheiros,4.5,80,https://www.google.com/maps/search/?api=1&query=Barbearia%20Ramirez&query_place_id=ChIJCe9rEIRXzpQR9nsgSmXT4mo,,Não contactado,,,,,
Oficina do Cabelo (Pinheiros),+55 11 3032-6667,Pinheiros,4.8,431,https://www.google.com/maps/search/?api=1&query=Oficina%20do%20Cabelo%20(Pinheiros)&query_place_id=ChIJhZjkVadXzpQRIx3_9HkP1Hc,,Não contactado,,,,,
Barbearia Scorpions,+55 11 99497-5679,Pinheiros,5,26,https://www.google.com/maps/search/?api=1&query=Barbearia%20Scorpions&query_place_id=ChIJ4xbUv4ZXzpQRsgwcTu4oEUc,,Não contactado,,,,,
BARBEARIA MADALENA,+55 11 97307-4740,Vila Madalena,4.9,249,https://www.google.com/maps/search/?api=1&query=BARBEARIA%20MADALENA&query_place_id=ChIJFXgAD3BXzpQRtILtOaJY_qk,,Não contactado,,,,,
Apolo Barbearia - Vila Madalena / Pinheiros,+55 11 99700-7887,Sumarezinho,4.9,111,https://www.google.com/maps/search/?api=1&query=Apolo%20Barbearia%20-%20Vila%20Madalena%20%2F%20Pinheiros&query_place_id=ChIJBwxTSa1XzpQR0fplvR2Lb1o,,Não contactado,,,,,
Barbearia Parente,+55 11 95045-9381,Santana,4.6,42,https://www.google.com/maps/search/?api=1&query=Barbearia%20Parente&query_place_id=ChIJnwSyjyX2zpQRWc1wCl0UB_A,,Não contactado,,,,,
Santana Barbeiro,+55 11 95891-9457,Vila Maria Alta,,,https://www.google.com/maps/search/?api=1&query=Santana%20Barbeiro&query_place_id=ChIJQ5-pUkRfzpQROYg2oLpl32s,,Não contactado,,,,,
Ferreiras Barbearia,+55 11 97551-6807,Santana,5,7,https://www.google.com/maps/search/?api=1&query=Ferreiras%20Barbearia&query_place_id=ChIJweZoRf_3zpQRETeGrTD988Y,,Não contactado,,,,,
Barbearia Neg’s,+55 11 94401-6619,Tatuapé,5,25,https://www.google.com/maps/search/?api=1&query=Barbearia%20Neg%E2%80%99s&query_place_id=ChIJL3zcTQBfzpQR6IZKMgKi5l8,,Não contactado,,,,,
Zero7 Barbershop,+55 11 97067-9742,Itaquera,5,7,https://www.google.com/maps/search/?api=1&query=Zero7%20Barbershop&query_place_id=ChIJOUa0HLNnzpQRKQHKth2yl7k,,Não contactado,,,,,
DÚzZECA BARBEARIA,+55 11 95348-0301,Itaquera,5,7,https://www.google.com/maps/search/?api=1&query=D%C3%9AzZECA%20BARBEARIA&query_place_id=ChIJX2AyUoJhzpQRCwf1GcFQK0I,,Não contactado,,,,,
Af Studio Barber,+55 11 94554-6643,Jardim Santo Andre,5,30,https://www.google.com/maps/search/?api=1&query=Af%20Studio%20Barber&query_place_id=ChIJgc9M-txpzpQRvhNjhYHCMT0,,Não contactado,,,,,
Barbearia Cavaleiro,+55 11 94661-6622,Tatuapé,4.9,29,https://www.google.com/maps/search/?api=1&query=Barbearia%20Cavaleiro&query_place_id=ChIJuVdyI-JfzpQRCTLFHGrdbos,,Não contactado,,,,,
Verus Barbearia,+55 11 98425-3611,Vila Azevedo,4.9,94,https://www.google.com/maps/search/?api=1&query=Verus%20Barbearia&query_place_id=ChIJ_19dzI5fzpQRApk1WDpyVDs,,Não contactado,,,,,
BARBEARIA HORUS,+55 11 97819-2315,Tatuapé,5,1,https://www.google.com/maps/search/?api=1&query=BARBEARIA%20HORUS&query_place_id=ChIJdWTbqBBfzpQRy95EjUKW6NU,,Não contactado,,,,,
Barbůharia - Barbearia Tatuapé,+55 11 98141-6613,Tatuapé,4.9,68,https://www.google.com/maps/search/?api=1&query=Barb%C5%AFharia%20-%20Barbearia%20Tatuap%C3%A9&query_place_id=ChIJrd0I7jVfzpQROxzx6IYEPs0,,Não contactado,,,,,
Barbearia Baron,+55 11 2649-9164,Tatuapé,5,6,https://www.google.com/maps/search/?api=1&query=Barbearia%20Baron&query_place_id=ChIJxeazWAtfzpQRz9Qocjga-yo,,Não contactado,,,,,
Espaço Vulcano Tatuapé,+55 11 3791-4637,Tatuapé,4.2,5,https://www.google.com/maps/search/?api=1&query=Espa%C3%A7o%20Vulcano%20Tatuap%C3%A9&query_place_id=ChIJO_5b5mlfzpQRXTc3jweNER0,,Não contactado,,,,,
Barbearia 1980,+55 11 98575-1980,Cidade Mãe do Céu,4.8,220,https://www.google.com/maps/search/?api=1&query=Barbearia%201980&query_place_id=ChIJX7WH4cNezpQRYgbnqxQNAL4,,Não contactado,,,,,
Barbearia Los Hermanos Gula,+55 11 99692-9273,Vila Carmosina,4.9,29,https://www.google.com/maps/search/?api=1&query=Barbearia%20Los%20Hermanos%20Gula&query_place_id=ChIJ8RrnHyBnzpQRQV7TJyvYJzI,,Não contactado,,,,,
Barbearia no talento,+55 11 98109-8182,Itaquera,4.8,6,https://www.google.com/maps/search/?api=1&query=Barbearia%20no%20talento&query_place_id=ChIJcaGR6hdnzpQRKdu8E21JCps,,Não contactado,,,,,
Barber shop Mauricio Moustache,+55 11 94730-3544,Itaquera,5,15,https://www.google.com/maps/search/?api=1&query=Barber%20shop%20Mauricio%20Moustache&query_place_id=ChIJc5zv2-tnzpQR_C52p5F0nGM,,Não contactado,,,,,
Barbearia King style,+55 11 98409-7114,Itaquera,5,12,https://www.google.com/maps/search/?api=1&query=Barbearia%20King%20style&query_place_id=ChIJEQHyX79nzpQR4st7q3EbJWA,,Não contactado,,,,,
Barbearia Premium,+55 11 95113-2973,A,5,32,https://www.google.com/maps/search/?api=1&query=Barbearia%20Premium&query_place_id=ChIJKaTrpl9nzpQRROs5ETGnBwo,,Não contactado,,,,,
JC Studio Barber,+55 11 95430-6834,Itaquera,4.8,12,https://www.google.com/maps/search/?api=1&query=JC%20Studio%20Barber&query_place_id=ChIJISF8CGhnzpQRqgHAFSN0iY8,,Não contactado,,,,,
Barbearia Do Ale,+55 11 99931-7008,Itaquera,4.9,49,https://www.google.com/maps/search/?api=1&query=Barbearia%20Do%20Ale&query_place_id=ChIJZ6nkZexmzpQRFzifbIYjTiE,,Não contactado,,,,,
RM Barbearia Itaquera - ZL,+55 11 97690-4510,Vila Carmosina,5,25,https://www.google.com/maps/search/?api=1&query=RM%20Barbearia%20Itaquera%20-%20ZL&query_place_id=ChIJZSySVHxnzpQRNH5t8Y2LqTI,,Não contactado,,,,,
Tomi Tattoo Br,+55 11 98830-4143,Santana,4.8,134,https://www.google.com/maps/search/?api=1&query=Tomi%20Tattoo%20Br&query_place_id=ChIJpb12psf3zpQRR3tXyq8bYsc,,Não contactado,,,,,
Barbearia Cruz de Malta,+55 11 4329-2078,Santana,4.7,180,https://www.google.com/maps/search/?api=1&query=Barbearia%20Cruz%20de%20Malta&query_place_id=ChIJAQDA9Cz2zpQRO5rIhPP4CK4,,Não contactado,,,,,
Specter Barbershop,+55 11 93732-9781,Alto de Santana,4.8,38,https://www.google.com/maps/search/?api=1&query=Specter%20Barbershop&query_place_id=ChIJj2urPe_3zpQRkd3dDUo6JvI,,Não contactado,,,,,
Barbearia Style Brothers,+55 11 97077-1361,Santana,4.9,117,https://www.google.com/maps/search/?api=1&query=Barbearia%20Style%20Brothers&query_place_id=ChIJUdp_0sv3zpQRDF961Dm49Gw,,Não contactado,,,,,
Barbearia Zer0800,+55 11 98473-2047,Santana,5,31,https://www.google.com/maps/search/?api=1&query=Barbearia%20Zer0800&query_place_id=ChIJGVqp35T3zpQReX3OwdV3cmk,,Não contactado,,,,,
SP Vintage Barbearia Clássica,+55 11 99727-4063,Vila Gomes Cardim,4.9,110,https://www.google.com/maps/search/?api=1&query=SP%20Vintage%20Barbearia%20Cl%C3%A1ssica&query_place_id=ChIJESic-nBfzpQR3VOJMuI2cMc,,Não contactado,,,,,
Atelier Êxtase,+55 11 97092-9040,Tatuapé,4.9,91,https://www.google.com/maps/search/?api=1&query=Atelier%20%C3%8Axtase&query_place_id=ChIJs0UoKXFfzpQRhpPErjEx8ko,,Não contactado,,,,,
Igor Barber,+55 11 96874-0101,Tatuapé,4.2,10,https://www.google.com/maps/search/?api=1&query=Igor%20Barber&query_place_id=ChIJf_rwADRfzpQRaoJacsHzEz4,,Não contactado,,,,,
Pizzo Barber,+55 11 95824-0927,Tatuapé,5,36,https://www.google.com/maps/search/?api=1&query=Pizzo%20Barber&query_place_id=ChIJc5_KPNpfzpQRb2VUF1juCOo,,Não contactado,,,,,
Ronibarber,+55 11 98859-2905,Tatuapé,4.9,52,https://www.google.com/maps/search/?api=1&query=Ronibarber&query_place_id=ChIJn_nhjENfzpQRAFE1X0g4yik,,Não contactado,,,,,
Barbearia e Cabeleireiro Jaú Sp zl Tatuapé(são Paulo),+55 11 96163-9985,via zap somente,4.7,95,https://www.google.com/maps/search/?api=1&query=Barbearia%20e%20Cabeleireiro%20Ja%C3%BA%20Sp%20zl%20Tatuap%C3%A9(s%C3%A3o%20Paulo)&query_place_id=ChIJNU7MCvpezpQRDog4zCkvZPc,,Não contactado,,,,,
Barbearia Élégance,+55 11 97032-1500,Tatuapé,4.9,20,https://www.google.com/maps/search/?api=1&query=Barbearia%20%C3%89l%C3%A9gance&query_place_id=ChIJ0SsTZytfzpQRXYSOawUDtFg,,Não contactado,,,,,
Barbearia Queiroz,+55 11 98542-2768,Tatuapé,5,56,https://www.google.com/maps/search/?api=1&query=Barbearia%20Queiroz&query_place_id=ChIJt7wTUzVfzpQRxWftvsoVp-s,,Não contactado,,,,,
Finos Barber studio,+55 11 95118-3773,Tatuapé,5,2,https://www.google.com/maps/search/?api=1&query=Finos%20Barber%20studio&query_place_id=ChIJ3yp7sRZfzpQRywbIAh_AAtk,,Não contactado,,,,,
NOVO PANORAMA BARBEARIA,+55 11 97353-7516,Tatuapé,4.8,74,https://www.google.com/maps/search/?api=1&query=NOVO%20PANORAMA%20BARBEARIA&query_place_id=ChIJay8RCN1ezpQRajf5yEax0Ic,,Não contactado,,,,,
Samurai Barbearia,+55 11 99839-1590,Vila Gomes Cardim,5,52,https://www.google.com/maps/search/?api=1&query=Samurai%20Barbearia&query_place_id=ChIJOxL2Hf1fzpQRRN9JdIZidjU,,Não contactado,,,,,
São Paulo barbearia,+55 11 93759-4342,Sumarezinho,4.7,193,https://www.google.com/maps/search/?api=1&query=S%C3%A3o%20Paulo%20barbearia&query_place_id=ChIJc0euML5XzpQRySI_sIsLb3s,,Não contactado,,,,,
Buiu Barbearia,+55 11 96027-2032,Pinheiros,4.7,31,https://www.google.com/maps/search/?api=1&query=Buiu%20Barbearia&query_place_id=ChIJQ5ssRI9XzpQRBrHzto6c7DI,,Não contactado,,,,,
Barbearia Los Cordeiros Perdizes,+55 11 95722-6243,Perdizes,5,124,https://www.google.com/maps/search/?api=1&query=Barbearia%20Los%20Cordeiros%20Perdizes&query_place_id=ChIJOzsu8VVXzpQRfX8-kFATnIc,,Não contactado,,,,,
Barbearia Turismo,+55 11 96027-2032,Pinheiros,5,6,https://www.google.com/maps/search/?api=1&query=Barbearia%20Turismo&query_place_id=ChIJQ5ssRI9XzpQRBAVBGU2WgsY,,Não contactado,,,,,
Barbearia dos Irmãos - Vila Madalena,+55 11 3814-2245,Vila Madalena,4.8,301,https://www.google.com/maps/search/?api=1&query=Barbearia%20dos%20Irm%C3%A3os%20-%20Vila%20Madalena&query_place_id=ChIJ9SEBkMdXzpQRahGsOXxa8jE,,Não contactado,,,,,
Barbearia do Rodrigo,+55 11 98372-1918,Alto de Pinheiros,4.8,68,https://www.google.com/maps/search/?api=1&query=Barbearia%20do%20Rodrigo&query_place_id=ChIJyayj_ydWzpQRyFZoPBOMVKk,,Não contactado,,,,,
Elite barbearia & salão,+55 11 98382-2149,Itaquera,5,13,https://www.google.com/maps/search/?api=1&query=Elite%20barbearia%20%26%20sal%C3%A3o&query_place_id=ChIJnzolul9nzpQRxIrNTxmhTTg,,Não contactado,,,,,
Binho_BarberShop,+55 11 99503-4494,Xv de novembro,4.9,36,https://www.google.com/maps/search/?api=1&query=Binho_BarberShop&query_place_id=ChIJxzDGtR5kzpQRuM4tVKLHhNg,,Não contactado,,,,,
Barbearia Barba Dragon,+55 11 99481-4744,Cohab 2,4.9,90,https://www.google.com/maps/search/?api=1&query=Barbearia%20Barba%20Dragon&query_place_id=ChIJGW4p-RtlzpQReuBxjG12Yvc,,Não contactado,,,,,
Barbearia Marcos Rocha,+55 11 99128-0955,Itaquera,5,12,https://www.google.com/maps/search/?api=1&query=Barbearia%20Marcos%20Rocha&query_place_id=ChIJ-WTw4cdnzpQRuBvd14mgpeI,,Não contactado,,,,,
Felipe Barbeiro,+55 11 98852-4581,Itaquera,4,3,https://www.google.com/maps/search/?api=1&query=Felipe%20Barbeiro&query_place_id=ChIJqVBaq2lnzpQRcVBYJDNU824,,Não contactado,,,,,
Barbearia Do Brancão,+55 11 96892-6355,Itaquera,4.8,39,https://www.google.com/maps/search/?api=1&query=Barbearia%20Do%20Branc%C3%A3o&query_place_id=ChIJI5ypa6JmzpQRrx6ahIXPogY,,Não contactado,,,,,
Barbearia Colombo Cuts,+55 11 96210-4936,Itaquera,5,6,https://www.google.com/maps/search/?api=1&query=Barbearia%20Colombo%20Cuts&query_place_id=ChIJMUvPvGNnzpQRFM1-JZCKlWs,,Não contactado,,,,,
Barbearia Bigode Grosso,+55 11 94914-3026,Itaquera,4,1,https://www.google.com/maps/search/?api=1&query=Barbearia%20Bigode%20Grosso&query_place_id=ChIJA1SNnw5nzpQR5QfNXqXnzoQ,,Não contactado,,,,,
BARBEARIA NICOLAU,+55 11 98662-0484,Itaquera,5,3,https://www.google.com/maps/search/?api=1&query=BARBEARIA%20NICOLAU&query_place_id=ChIJne13g71nzpQROwGwiZRK8Zg,,Não contactado,,,,,
Barbearia Dom de Deus,+55 11 97378-0450,Itaquera,4.7,6,https://www.google.com/maps/search/?api=1&query=Barbearia%20Dom%20de%20Deus&query_place_id=ChIJT0sB5c9mzpQR7VhBWep37EE,,Não contactado,,,,,
Barbeiro Profissional,+55 11 99938-8902,Tatuapé,5,1,https://www.google.com/maps/search/?api=1&query=Barbeiro%20Profissional&query_place_id=ChIJe3Fymo1ezpQRDKC4qzt7CL8,,Não contactado,,,,,
Barbearia East Side,+55 11 95106-7953,Tatuapé,4.8,147,https://www.google.com/maps/search/?api=1&query=Barbearia%20East%20Side&query_place_id=ChIJNQJJw_BezpQRLuiCbrdLDkE,,Não contactado,,,,,
MGF Barber And Tattoo,+55 11 99406-7239,Tatuapé,3,2,https://www.google.com/maps/search/?api=1&query=MGF%20Barber%20And%20Tattoo&query_place_id=ChIJyU-gCT6wOUwRzpAzVsBFARs,,Não contactado,,,,,
Cantagalo Barber Shop,+55 13 99628-9763,Tatuapé,4.9,33,https://www.google.com/maps/search/?api=1&query=Cantagalo%20Barber%20Shop&query_place_id=ChIJq_S_uApfzpQR55cuAgtPmsQ,,Não contactado,,,,,
Authentic Black Barbershop,+55 11 95490-9027,Tatuapé,5,23,https://www.google.com/maps/search/?api=1&query=Authentic%20Black%20Barbershop&query_place_id=ChIJC_4EG3RnzpQRH5ItWra5V6s,,Não contactado,,,,,
Blades,+55 11 2092-6039,Tatuapé,4.7,77,https://www.google.com/maps/search/?api=1&query=Blades&query_place_id=ChIJnf_PRFxfzpQRYbyf2caadGE,,Não contactado,,,,,
Barbearia Fidelis Barber Shopp,+55 11 91121-9136,Tatuapé,4.8,16,https://www.google.com/maps/search/?api=1&query=Barbearia%20Fidelis%20Barber%20Shopp&query_place_id=ChIJ50TBbyBfzpQRvPvBkxxjCWg,,Não contactado,,,,,
Barbearia Fernandes,+55 11 96022-1909,Chácara Santo Antônio (Zona Leste),4.9,113,https://www.google.com/maps/search/?api=1&query=Barbearia%20Fernandes&query_place_id=ChIJpQIB3nxezpQRGxBddSikNmM,,Não contactado,,,,,
Gringo Blends Barber Studio,+55 11 91679-1155,Tatuapé,4.8,18,https://www.google.com/maps/search/?api=1&query=Gringo%20Blends%20Barber%20Studio&query_place_id=ChIJ48iZQOxfzpQRClMaYhnlyIw,,Não contactado,,,,,
Barbearia Teixeira Neves,+55 11 3598-9808,Pinheiros,5,1,https://www.google.com/maps/search/?api=1&query=Barbearia%20Teixeira%20Neves&query_place_id=ChIJXeyakjtXzpQR3GnyAZOGLog,,Não contactado,,,,,
MikaSiqueira Barbearia,+55 11 99390-1418,Pinheiros,5,17,https://www.google.com/maps/search/?api=1&query=MikaSiqueira%20Barbearia&query_place_id=ChIJ2SYkgyFXzpQRsxRqmjemww0,,Não contactado,,,,,
Novo Estilo Barbearia,+55 11 97076-5520,Pinheiros,4.3,6,https://www.google.com/maps/search/?api=1&query=Novo%20Estilo%20Barbearia&query_place_id=ChIJ1aG3o2FXzpQRZHVAFggHQlY,,Não contactado,,,,,
Barbearia Sr. Alves,+55 11 98403-7713,Alto de Pinheiros,5,34,https://www.google.com/maps/search/?api=1&query=Barbearia%20Sr.%20Alves&query_place_id=ChIJ3w-1TmxXzpQRXnxYwOL4du8,,Não contactado,,,,,
Barbearia do Marcio,+55 11 99622-4007,Pinheiros,5,1,https://www.google.com/maps/search/?api=1&query=Barbearia%20do%20Marcio&query_place_id=ChIJEe3el51XzpQRAS4Cg7I5vlc,,Não contactado,,,,,
Barbearia Assuncão,+55 11 98372-1918,Alto de Pinheiros,5,5,https://www.google.com/maps/search/?api=1&query=Barbearia%20Assunc%C3%A3o&query_place_id=ChIJL2QNVZ34zpQRx0voDPDNyFU,,Não contactado,,,,,
Bela vista,+55 21 98797-9091,Pinheiros,3.5,12,https://www.google.com/maps/search/?api=1&query=Bela%20vista&query_place_id=ChIJYefMyPBXzpQRX2_44M9vvGc,,Não contactado,,,,,
Sartori Barbearia,+55 11 99309-4113,Jardim Helena,5,47,https://www.google.com/maps/search/?api=1&query=Sartori%20Barbearia&query_place_id=ChIJERNfRgZlzpQRj1pFbyrPGGQ,,Não contactado,,,,,
Pingo Barbearia,+55 11 97367-9939,Itaquera,4.8,6,https://www.google.com/maps/search/?api=1&query=Pingo%20Barbearia&query_place_id=ChIJsfNyKB5nzpQR5IwVFCI_fak,,Não contactado,,,,,
Barbearia dom Bosco Art MV,+55 11 95215-3498,Itaquera,3.6,9,https://www.google.com/maps/search/?api=1&query=Barbearia%20dom%20Bosco%20Art%20MV&query_place_id=ChIJK33V6pdmzpQRW0dKjTOWcoY,,Não contactado,,,,,
Brother's Barbearia - Itaquera,+55 11 98359-7206,Jardim Sao Pedro,4,3,https://www.google.com/maps/search/?api=1&query=Brother's%20Barbearia%20-%20Itaquera&query_place_id=ChIJa3M1TvdlzpQR6Z3BYoE9vPA,,Não contactado,,,,,
Bomba the barber,+55 11 98677-9793,Itaquera,4.3,39,https://www.google.com/maps/search/?api=1&query=Bomba%20the%20barber&query_place_id=ChIJozT3MjJkzpQRjLhlwPi-mKo,,Não contactado,,,,,
Alex Cabeleireiro Masculino,+55 11 94579-3152,Itaquera,4.8,29,https://www.google.com/maps/search/?api=1&query=Alex%20Cabeleireiro%20Masculino&query_place_id=ChIJ7XnDpKBmzpQRsBXZQvzC4m4,,Não contactado,,,,,
Barbearia ONE VJ,+55 11 96277-2984,Itaquera,5,4,https://www.google.com/maps/search/?api=1&query=Barbearia%20ONE%20VJ&query_place_id=ChIJa1HsPQBnzpQRzkIBLRuY8J8,,Não contactado,,,,,
Barbearia Dom Bosco,+55 11 94971-9001,Vila Carmosina,4,2,https://www.google.com/maps/search/?api=1&query=Barbearia%20Dom%20Bosco&query_place_id=ChIJka3z1ERnzpQRrjnF8Q0bGPE,,Não contactado,,,,,
BARBEARIA MR.AMANCIO,+55 11 98424-7518,Itaquera,,,https://www.google.com/maps/search/?api=1&query=BARBEARIA%20MR.AMANCIO&query_place_id=ChIJP0umvUVnzpQRBWoDuHExJ0U,,Não contactado,,,,,
Latinos Barbearia,+55 11 98799-8696,Jardim Santa Teresinha,5,14,https://www.google.com/maps/search/?api=1&query=Latinos%20Barbearia&query_place_id=ChIJefwl6eFnzpQR8-KzO2DjVso,,Não contactado,,,,,
Barbearia da Villa,+55 11 94713-4008,Itaquera,,,https://www.google.com/maps/search/?api=1&query=Barbearia%20da%20Villa&query_place_id=ChIJf1FhcUxnzpQRNXY3BbWXF9g,,Não contactado,,,,,
Léo Salão barbearia L&L,+55 11 97076-0570,Itaquera,5,1,https://www.google.com/maps/search/?api=1&query=L%C3%A9o%20Sal%C3%A3o%20barbearia%20L%26L&query_place_id=ChIJj5pLHwBnzpQR01ofEI_ZwN4,,Não contactado,,,,,
Barber shop Trix,+55 11 96124-5577,Parque Cisper,5,1,https://www.google.com/maps/search/?api=1&query=Barber%20shop%20Trix&query_place_id=ChIJv9W-b-NhzpQRfSQc4fr3dBw,,Não contactado,,,,,
Global Hair,+55 11 95359-2138,Pinheiros,3.7,3,https://www.google.com/maps/search/?api=1&query=Global%20Hair&query_place_id=ChIJLbgB-aBXzpQRRA2RzS4wQg0,,Não contactado,,,,,
Tarcisio Barbearia,+55 11 95461-2343,Jardim Felicidade(Zona Norte),5,18,https://www.google.com/maps/search/?api=1&query=Tarcisio%20Barbearia&query_place_id=ChIJ28mZFsb3zpQRpg2JKWucr4E,,Não contactado,,,,,
Barbearia os’parças,+55 11 94872-0527,Jardim Felicidade(Zona Norte),4.7,43,https://www.google.com/maps/search/?api=1&query=Barbearia%20os%E2%80%99par%C3%A7as&query_place_id=ChIJAZLmaTf0zpQRmkOIHVna5j0,,Não contactado,,,,,
js barber,+55 11 99765-1313,Jardim Felicidade (Zona Norte),4.6,11,https://www.google.com/maps/search/?api=1&query=js%20barber&query_place_id=ChIJScsnqMr1zpQRS0DLv7zkqEI,,Não contactado,,,,,
Barbearia mdp,+55 11 97955-7633,Jardim Pinheiros,5,2,https://www.google.com/maps/search/?api=1&query=Barbearia%20mdp&query_place_id=ChIJp1fu2UBXzpQRw_H-9uTxZbQ,,Não contactado,,,,,
Barbearia Conventi II,+55 11 94643-5953,Mooca,4.9,214,https://www.google.com/maps/search/?api=1&query=Barbearia%20Conventi%20II&query_place_id=ChIJWd8PtnhZzpQRdou_qSEpY1I,,Não contactado,,,,,
Corvino Barbearia,+55 11 94014-3525,Mooca,4.9,46,https://www.google.com/maps/search/?api=1&query=Corvino%20Barbearia&query_place_id=ChIJMw7Ag4FZzpQR0tb7r3-8jIA,,Não contactado,,,,,
Ramos Cabeleireiros & barbearia,+55 11 99804-2389,Mooca,4.9,124,https://www.google.com/maps/search/?api=1&query=Ramos%20Cabeleireiros%20%26%20barbearia&query_place_id=ChIJvWE-HUZZzpQRp2ugrc1cpJk,,Não contactado,,,,,
Charles Cabeleireiros,+55 11 5665-8235,Interlagos,5,2,https://www.google.com/maps/search/?api=1&query=Charles%20Cabeleireiros&query_place_id=ChIJM1y_G9dPzpQRpjZahutoNYc,,Não contactado,,,,,
Barbearia le cortes,+55 11 94808-0307,Vargem Grande,5,69,https://www.google.com/maps/search/?api=1&query=Barbearia%20le%20cortes&query_place_id=ChIJt6QRbY83zpQRbgk2hfwNqgY,,Não contactado,,,,,
Barbearia Wendel Cortes,+55 11 98371-2604,Jardim Silveira,4.8,13,https://www.google.com/maps/search/?api=1&query=Barbearia%20Wendel%20Cortes&query_place_id=ChIJe__E4C02zpQRaaqrBM67U_U,,Não contactado,,,,,
Barbearia Senna - Carlinhos,+55 11 99539-3355,Jardim Novo Parelheiros,4.9,21,https://www.google.com/maps/search/?api=1&query=Barbearia%20Senna%20-%20Carlinhos&query_place_id=ChIJeQpnuK5JzpQR4Xy6c2Zlg5U,,Não contactado,,,,,
Barbearia Thiago correia,+55 11 91309-1551,Colônia (Zona Sul),3.8,4,https://www.google.com/maps/search/?api=1&query=Barbearia%20Thiago%20correia&query_place_id=ChIJsVmTuEA3zpQREXZPwIRkUTs,,Não contactado,,,,,
BARBEARIA BLACK’S,+55 11 98583-9783,Chácara São Silvestre,5,9,https://www.google.com/maps/search/?api=1&query=BARBEARIA%20BLACK%E2%80%99S&query_place_id=ChIJTYbXhFBJzpQRkFj99iP3A3M,,Não contactado,,,,,
BARBEARIA ( BRUNOO_CORTES ),+55 11 94310-6780,Parada Cinquenta e Sete,5,11,https://www.google.com/maps/search/?api=1&query=BARBEARIA%20(%20BRUNOO_CORTES%20)&query_place_id=ChIJtWEidwA3zpQRURCPi_jLFsw,,Não contactado,,,,,
Barbearia Asgard,+55 11 91978-2909,Colônia (Zona Sul),5,1,https://www.google.com/maps/search/?api=1&query=Barbearia%20Asgard&query_place_id=ChIJ9_D4VxM3zpQRB_JhkVqzZI4,,Não contactado,,,,,
"Smokman - Barbearia, Outlet, Tabacaria e Loja",+55 11 95909-4726,Colônia (Zona Sul),4.6,5,https://www.google.com/maps/search/?api=1&query=Smokman%20-%20Barbearia%2C%20Outlet%2C%20Tabacaria%20e%20Loja&query_place_id=ChIJA62KiRVJzpQRjSx2AwOsBbw,,Não contactado,,,,,
Geraldo Barbearia Mooca,+55 11 98148-8416,Vila Prudente,4.9,64,https://www.google.com/maps/search/?api=1&query=Geraldo%20Barbearia%20Mooca&query_place_id=ChIJf_Ph5nRdzpQRfb_Jh0-flhE,,Não contactado,,,,,
Barbearia_33,+55 11 93249-7453,Alto da Mooca,5,44,https://www.google.com/maps/search/?api=1&query=Barbearia_33&query_place_id=ChIJaaYv0qZZzpQRQWQ769UGZ1s,,Não contactado,,,,,
Barbearia El Don Marttin,+55 11 94642-1547,Alto da Mooca,5,43,https://www.google.com/maps/search/?api=1&query=Barbearia%20El%20Don%20Marttin&query_place_id=ChIJhf6K45dfzpQR3s4laBMkoyE,,Não contactado,,,,,
BARBEARIA J.A,+55 11 96745-7978,Alto da Mooca,4.8,131,https://www.google.com/maps/search/?api=1&query=BARBEARIA%20J.A&query_place_id=ChIJ7233zKhezpQRyV7LHLMC_2Y,,Não contactado,,,,,
Falconi Barbearia,+55 11 96339-0146,Mooca,5,48,https://www.google.com/maps/search/?api=1&query=Falconi%20Barbearia&query_place_id=ChIJK1RkaLlfzpQRoJrpUk7964A,,Não contactado,,,,,
Well O Barba,+55 11 96425-2956,Parque da Mooca,4.9,23,https://www.google.com/maps/search/?api=1&query=Well%20O%20Barba&query_place_id=ChIJ4YcJGSNfzpQR7F-UTBtBIGo,,Não contactado,,,,,
Herbert Barbearia,+55 11 95132-2198,Parque da Mooca,5,35,https://www.google.com/maps/search/?api=1&query=Herbert%20Barbearia&query_place_id=ChIJ12jbrKtezpQRMF_RSMMofSY,,Não contactado,,,,,
Barbearia Dom João Joaquim!,+55 11 94946-6211,Jardim São Paulo,5,133,https://www.google.com/maps/search/?api=1&query=Barbearia%20Dom%20Jo%C3%A3o%20Joaquim!&query_place_id=ChIJPyQvfSH2zpQRybOqV3Rve4I,,Não contactado,,,,,
SOHO Hair Trianon Salão de Beleza,+55 11 3288-7718,Jardim Paulista,4.6,382,https://www.google.com/maps/search/?api=1&query=SOHO%20Hair%20Trianon%20Sal%C3%A3o%20de%20Beleza&query_place_id=ChIJneGBxM1ZzpQRa-kSvlXRkg8,,Não contactado,,,,,
Espaço NG Salão de Beleza,+55 11 98528-0190,Pinheiros,4.7,111,https://www.google.com/maps/search/?api=1&query=Espa%C3%A7o%20NG%20Sal%C3%A3o%20de%20Beleza&query_place_id=ChIJnY6apKNXzpQRZSkB87rTIuY,,Não contactado,,,,,
BARBEIRORIGINAL desde de 1999 na Mooca Bello,+55 11 96700-6609,Mooca,5,2,https://www.google.com/maps/search/?api=1&query=BARBEIRORIGINAL%20desde%20de%201999%20na%20Mooca%20Bello&query_place_id=ChIJy1mh61ZZzpQRWoQU7ECweL4,,Não contactado,,,,,
BARBEARIA BOINAS,+55 11 94934-7759,Mooca,5,32,https://www.google.com/maps/search/?api=1&query=BARBEARIA%20BOINAS&query_place_id=ChIJm2DytRZdzpQRtbPdJ9P1suU,,Não contactado,,,,,
Família Ramos Cabelo & Barba,+55 11 2601-7822,Parque da Mooca,4.9,126,https://www.google.com/maps/search/?api=1&query=Fam%C3%ADlia%20Ramos%20Cabelo%20%26%20Barba&query_place_id=ChIJAQDEnVNZzpQRWcfNbrDwdeg,,Não contactado,,,,,
JMAL Barbearia,+55 11 96254-7557,Mooca,,,https://www.google.com/maps/search/?api=1&query=JMAL%20Barbearia&query_place_id=ChIJ22o1QqBZzpQRTgJERsqsKIQ,,Não contactado,,,,,
Barbeiro Marcelo,+55 11 98885-8819,Mooca,,,https://www.google.com/maps/search/?api=1&query=Barbeiro%20Marcelo&query_place_id=ChIJC4rfs7BZzpQRUlZUvwh-9tk,,Não contactado,,,,,
Gk Barbearia,+55 11 99141-6734,Vila Oratorio,5,43,https://www.google.com/maps/search/?api=1&query=Gk%20Barbearia&query_place_id=ChIJwXmLv-9dzpQRdwcBVkE2OGM,,Não contactado,,,,,
Marcio Neves Barbearia,+55 11 97050-8716,Jardim Brasil (Zona Norte),5,20,https://www.google.com/maps/search/?api=1&query=Marcio%20Neves%20Barbearia&query_place_id=ChIJla3UB_T1zpQR4RqH8S-up8M,,Não contactado,,,,,
Barbearia Sanches,+55 11 95864-7451,Conjunto Habitacional A. E. Carvalho,4.4,7,https://www.google.com/maps/search/?api=1&query=Barbearia%20Sanches&query_place_id=ChIJ4QVmzTNhzpQRQsP_HRjM7uE,,Não contactado,,,,,
La Derani Concept,+55 11 2618-3326,Mooca,4.1,204,https://www.google.com/maps/search/?api=1&query=La%20Derani%20Concept&query_place_id=ChIJD7msmjdZzpQRUCSG8ui_DtM,,Não contactado,,,,,
Teruya,+55 11 2647-3209,Penha de França,4.1,167,https://www.google.com/maps/search/?api=1&query=Teruya&query_place_id=ChIJK3VIX1FezpQR8J1i8imYt6o,,Não contactado,,,,,
PEDRO SIMÕES BARBER SHOP,+55 11 98909-0861,Vila Romana,4.9,124,https://www.google.com/maps/search/?api=1&query=PEDRO%20SIM%C3%95ES%20BARBER%20SHOP&query_place_id=ChIJwxVIaWD5zpQRfLK0_xKHUq8,,Não contactado,,,,,
Barbearia Madeira na Lata,+55 11 96034-3011,Jardim Santo Elias,4.8,266,https://www.google.com/maps/search/?api=1&query=Barbearia%20Madeira%20na%20Lata&query_place_id=ChIJf1B9NS35zpQRTMY-4nLGt9M,,Não contactado,,,,,
Lucas barbearia,+55 11 98086-5767,Vila Pirajussara,5,3,https://www.google.com/maps/search/?api=1&query=Lucas%20barbearia&query_place_id=ChIJwdXCNRtTzpQRxel6W6rTeFg,,Não contactado,,,,,
Escola de Cabeleireiros Similares Teruya,+55 11 3333-3308,Campos Elíseos,4.2,169,https://www.google.com/maps/search/?api=1&query=Escola%20de%20Cabeleireiros%20Similares%20Teruya&query_place_id=ChIJG6aW-lBYzpQRw7mtRmQUclw,,Não contactado,,,,,
Barber Studio Z+,+55 11 96085-0721,Lapa,5,2,https://www.google.com/maps/search/?api=1&query=Barber%20Studio%20Z%2B&query_place_id=ChIJLXBQjbn5zpQRd-ipkkOH2dw,,Não contactado,,,,,
Barbearia Moran,+55 11 94701-9441,Lapa,3.4,25,https://www.google.com/maps/search/?api=1&query=Barbearia%20Moran&query_place_id=ChIJldCYtttXzpQRFWpPn6kW2-Q,,Não contactado,,,,,
Barbearia Five Star,+55 11 98380-3414,Lapa,5,1,https://www.google.com/maps/search/?api=1&query=Barbearia%20Five%20Star&query_place_id=ChIJacmH4rD5zpQRFl0upkNg38k,,Não contactado,,,,,
Nova Era - Cabeleireiros Unissex,+55 11 3872-5531,Lapa,4.9,81,https://www.google.com/maps/search/?api=1&query=Nova%20Era%20-%20Cabeleireiros%20Unissex&query_place_id=ChIJ0aciZGP4zpQRy7CHdrP7n9U,,Não contactado,,,,,
Barbearia,+55 11 99462-1247,Lapa,4.6,14,https://www.google.com/maps/search/?api=1&query=Barbearia&query_place_id=ChIJFa23cnv4zpQRh_t5B8EWQNc,,Não contactado,,,,,
Midia Cortes,+55 11 98033-3422,Lapa,4,8,https://www.google.com/maps/search/?api=1&query=Midia%20Cortes&query_place_id=ChIJIU70rGX4zpQRn4QY3CBT0dg,,Não contactado,,,,,
Wilson Barbearia,+55 11 96818-0770,Alto da Lapa,5,4,https://www.google.com/maps/search/?api=1&query=Wilson%20Barbearia&query_place_id=ChIJm-WFzHz4zpQRn23I8C0CT2Y,,Não contactado,,,,,
Homem Barba,+55 11 93902-0838,Lapa de Baixo,,,https://www.google.com/maps/search/?api=1&query=Homem%20Barba&query_place_id=ChIJ-QSC3Fz4zpQRBpkgPi8FjJs,,Não contactado,,,,,
WP Cursos de Barbeiros,+55 11 95449-7408,Lapa,5,22,https://www.google.com/maps/search/?api=1&query=WP%20Cursos%20de%20Barbeiros&query_place_id=ChIJrRJM2Mr5zpQRhPzb7ZNYYK8,,Não contactado,,,,,
Salão Messias,+55 11 3673-8954,Lapa,5,4,https://www.google.com/maps/search/?api=1&query=Sal%C3%A3o%20Messias&query_place_id=ChIJ6WuwkyX5zpQRaIOC_UyWL8g,,Não contactado,,,,,
D7 Barbershop - Barbearia na região Perdizes - Barra Funda - Lapa - Agua Branca,+55 11 97013-2574,Perdizes,5,38,https://www.google.com/maps/search/?api=1&query=D7%20Barbershop%20-%20Barbearia%20na%20regi%C3%A3o%20Perdizes%20-%20Barra%20Funda%20-%20Lapa%20-%20Agua%20Branca&query_place_id=ChIJB0AeOxFZzpQRO8iOlyXP3bU,,Não contactado,,,,,
Studio Scissors,+55 11 98066-6693,Lapa,5,23,https://www.google.com/maps/search/?api=1&query=Studio%20Scissors&query_place_id=ChIJjyprRAD5zpQRmDNntafQvq8,,Não contactado,,,,,
NS salão & Barbearia,+55 11 97822-8556,Lapa,5,16,https://www.google.com/maps/search/?api=1&query=NS%20sal%C3%A3o%20%26%20Barbearia&query_place_id=ChIJm2Yf0yn5zpQR2pHKsmxqbRM,,Não contactado,,,,,
Rei da Tesourinha - Pompeia,+55 11 94193-6182,Lapa,5,33,https://www.google.com/maps/search/?api=1&query=Rei%20da%20Tesourinha%20-%20Pompeia&query_place_id=ChIJk5fzVQD5zpQRQajMkkyL8NI,,Não contactado,,,,,
Barbearia da Vila,+55 11 95434-3495,Vila Liviero,4.8,47,https://www.google.com/maps/search/?api=1&query=Barbearia%20da%20Vila&query_place_id=ChIJjQhVkqxEzpQRADppLeFk388,,Não contactado,,,,,
Barbearia Pegasus,+55 11 96069-5468,Jardim Vila Carrao,4.8,22,https://www.google.com/maps/search/?api=1&query=Barbearia%20Pegasus&query_place_id=ChIJMdBxgZZozpQRbFfmJJBnomg,,Não contactado,,,,,
Barbearia do Cunhado,+55 11 96718-4878,Jardim Vila Carrao,4.7,6,https://www.google.com/maps/search/?api=1&query=Barbearia%20do%20Cunhado&query_place_id=ChIJhZkBMippzpQRsnn3A1NW-UI,,Não contactado,,,,,
Barbearia PEGASUS,+55 11 96995-2666,Jardim Vila Carrao,4.7,14,https://www.google.com/maps/search/?api=1&query=Barbearia%20PEGASUS&query_place_id=ChIJ_cIgnJZozpQRY7sXfclZt7s,,Não contactado,,,,,
Barbearia São Mateus,+55 11 3741-6917,Jardim Vila Carrao,,,https://www.google.com/maps/search/?api=1&query=Barbearia%20S%C3%A3o%20Mateus&query_place_id=ChIJ4RNi9sppzpQRP3BqAAi34v8,,Não contactado,,,,,
Barbearia Mariana Rodrigues,+55 11 97734-0885,Vila Antonieta,,,https://www.google.com/maps/search/?api=1&query=Barbearia%20Mariana%20Rodrigues&query_place_id=ChIJsxJO-ghnzpQRKZai_YB25Q8,,Não contactado,,,,,
Jhonny barbeiro,+55 11 96883-0381,Vila Mariana,5,33,https://www.google.com/maps/search/?api=1&query=Jhonny%20barbeiro&query_place_id=ChIJefhQnERbzpQRO07bjYledxw,,Não contactado,,,,,
Salão Chiquinho,+55 11 5549-8371,Vila Mariana,4.6,242,https://www.google.com/maps/search/?api=1&query=Sal%C3%A3o%20Chiquinho&query_place_id=ChIJ1ckjbYhZzpQRiFPVfc6BpEI,,Não contactado,,,,,
Salão União,+55 11 97412-3925,Vila Mariana,4.8,46,https://www.google.com/maps/search/?api=1&query=Sal%C3%A3o%20Uni%C3%A3o&query_place_id=ChIJr5w_4YFZzpQRf8Phfm9e1Ws,,Não contactado,,,,,
barbearia_agnaldo_silva,+55 11 96286-1320,Vila Mariana,5,2,https://www.google.com/maps/search/?api=1&query=barbearia_agnaldo_silva&query_place_id=ChIJ0b8fTbRbzpQRfXp4auaHLZo,,Não contactado,,,,,
JN Carvalho,+55 11 98613-4003,Vila Mariana,4.9,30,https://www.google.com/maps/search/?api=1&query=JN%20Carvalho&query_place_id=ChIJ-Tbifi9bzpQRMfJy-GqSNgQ,,Não contactado,,,,,
Barbearia Machado de Assis,+55 11 96651-6472,Vila Mariana,4.7,27,https://www.google.com/maps/search/?api=1&query=Barbearia%20Machado%20de%20Assis&query_place_id=ChIJ4UIm0INZzpQR3kIQ0xjRY5Q,,Não contactado,,,,,
Barbearia Dom Alex,+55 11 97617-1021,Vila Mariana,4.6,34,https://www.google.com/maps/search/?api=1&query=Barbearia%20Dom%20Alex&query_place_id=ChIJtfOU7UJZzpQRbyO-Sr4drZI,,Não contactado,,,,,
Barbearia Rogério Cardoso,+55 11 93960-1098,Vila Clementino,5,225,https://www.google.com/maps/search/?api=1&query=Barbearia%20Rog%C3%A9rio%20Cardoso&query_place_id=ChIJC2QovHlbzpQRTmAJfkecgR4,,Não contactado,,,,,