Nome,Telefone,Endereço,Bairro,Avaliação,Nº Avaliações,Google Maps URL
*Barber 347* | Barbearia | Barbearia em São Paulo| Barbearia em Santana | Barbearia na Zona Norte 💈,+55 11 95430-8579,"R. Dr. César, 347 - Santana, São Paulo - SP, 02013-001, Brasil",Santana,4.9,123,https://www.google.com/maps/search/?api=1&query=*Barber%20347*%20%7C%20Barbearia%20%7C%20Barbearia%20em%20S%C3%A3o%20Paulo%7C%20Barbearia%20em%20Santana%20%7C%20Barbearia%20na%20Zona%20Norte%20%F0%9F%92%88&query_place_id=ChIJWew4Z2H3zpQRFRl5LOBY2Gw
Barbearia Santana,+55 11 95116-4747,"R. Ezequiel Freire, 332 - Santana, São Paulo - SP, 02034-000, Brasil",Santana,4.8,129,https://www.google.com/maps/search/?api=1&query=Barbearia%20Santana&query_place_id=ChIJmfZyrc33zpQR_aWa5KAdKmM
Barbearia Suprema,+55 11 98254-5731,"R. Cap. Amaral, 171 - Santana, São Paulo - SP, 02020-080, Brasil",Santana,4.9,195,https://www.google.com/maps/search/?api=1&query=Barbearia%20Suprema&query_place_id=ChIJGVVl4S33zpQR-a1FLBC42xs
Robson Santana barbearia,+55 11 94601-1470,"Alameda Afonso Schmidt, 642 - Santana, São Paulo - SP, 02450-001, Brasil",Santana,4.9,54,https://www.google.com/maps/search/?api=1&query=Robson%20Santana%20barbearia&query_place_id=ChIJGfnC7rn3zpQR4CUekmSVdz4
Beco da Navalha,+55 11 97891-7126,"R. Maria Curupaiti, 440 - Santana, São Paulo - SP, 02022-050, Brasil",Santana,4.9,256,https://www.google.com/maps/search/?api=1&query=Beco%20da%20Navalha&query_place_id=ChIJK7O9XtD3zpQRyHN9fTZoPIo
Barbearia Zona Norte,+55 11 95396-0159,"R. Mal. Hermes da Fonseca, 24 - Santana, São Paulo - SP, 02020-008, Brasil",Santana,4.9,94,https://www.google.com/maps/search/?api=1&query=Barbearia%20Zona%20Norte&query_place_id=ChIJF9U3-SD3zpQR41zLE2SDWes
RB BARBEARIA SANTANA,+55 11 95552-6904,"R. Dr. Gabriel Piza, 300 - Santana, São Paulo - SP, 02036-010, Brasil",Santana,4.7,45,https://www.google.com/maps/search/?api=1&query=RB%20BARBEARIA%20SANTANA&query_place_id=ChIJ9Tim8ij2zpQRQvPCWxVuUxU
Studio TR Barbearia,+55 11 98958-2873,"R. Alfredo Pujol, 1064 - Santana, São Paulo - SP, 02017-003, Brasil",Santana,4.9,76,https://www.google.com/maps/search/?api=1&query=Studio%20TR%20Barbearia&query_place_id=ChIJSaUn7M33zpQR7ceTAR9syM8
GW barbearia,+55 11 98268-2887,"R. Leite de Morais, 308 - Santana, São Paulo - SP, 02034-020, Brasil",Santana,5,79,https://www.google.com/maps/search/?api=1&query=GW%20barbearia&query_place_id=ChIJ1QeYYTz3zpQR2AD0bfUoZ4g
Castellano's Barber Shop - Tatuapé,+55 11 99382-9859,"R. Serra de Japi, 825 - Tatuapé, São Paulo - SP, 03309-000, Brasil",Tatuapé,4.7,181,https://www.google.com/maps/search/?api=1&query=Castellano's%20Barber%20Shop%20-%20Tatuap%C3%A9&query_place_id=ChIJo_0dHgNfzpQRurXdaAxKQ1o
Barbearia Mr. Gump Tatuapé,+55 11 96198-0985,"R. Antônio Camardo, 388 - Vila Gomes Cardim, São Paulo - SP, 03309-060, Brasil",Vila Gomes Cardim,5,1221,https://www.google.com/maps/search/?api=1&query=Barbearia%20Mr.%20Gump%20Tatuap%C3%A9&query_place_id=ChIJ4y0jhQBfzpQRHBSlwsw8pdw
Nova R&R Barber Shop - Melhor Barbearia do Tatuapé,+55 11 96776-2825,"R. Serra de Japi, 986 - Tatuapé, São Paulo - SP, 03309-000, Brasil",Tatuapé,4.6,117,https://www.google.com/maps/search/?api=1&query=Nova%20R%26R%20Barber%20Shop%20-%20Melhor%20Barbearia%20do%20Tatuap%C3%A9&query_place_id=ChIJxTFJU4tfzpQR11WN0GOaeZk
The Ellite Barber Shop,+55 11 2688-8609,"Rua Domingos Agostim, 88 - Tatuapé, São Paulo - SP, 03306-010, Brasil",Tatuapé,4.7,53,https://www.google.com/maps/search/?api=1&query=The%20Ellite%20Barber%20Shop&query_place_id=ChIJT_tdZKVfzpQRVCwfmzSVGnE
Barbearia Los Manos,+55 11 3836-3275,"R. Clemente Álvares, 317 - Lapa, São Paulo - SP, 05074-050, Brasil",Lapa,4.7,75,https://www.google.com/maps/search/?api=1&query=Barbearia%20Los%20Manos&query_place_id=ChIJuUIfuDn5zpQRPaxE0ZUuqOA
Lapa Barber´s,+55 11 97088-5709,"R. George Smith, 308 - Lapa, São Paulo - SP, 05074-010, Brasil",Lapa,5,4,https://www.google.com/maps/search/?api=1&query=Lapa%20Barber%C2%B4s&query_place_id=ChIJr_KoVN_5zpQRaIo1XDFWFM4
Marcello's Cortes,+55 11 95131-9792,"Rua Roma, 563 - Lapa, São Paulo - SP, 05050-090, Brasil",Lapa,4.8,179,https://www.google.com/maps/search/?api=1&query=Marcello's%20Cortes&query_place_id=ChIJP1Y6pmX4zpQRN4g95ECMctc
Retrô 22,+55 11 95193-3863,"R. João Pereira, 190 - Lapa, São Paulo - SP, 05074-070, Brasil",Lapa,5,131,https://www.google.com/maps/search/?api=1&query=Retr%C3%B4%2022&query_place_id=ChIJCSpbXTD5zpQR_UHyli09gSg
Barbearia abadia,+55 11 98154-9199,"Rua Tenente Landy, 252 - Lapa de Baixo, São Paulo - SP, 05068-020, Brasil",Lapa de Baixo,4.7,83,https://www.google.com/maps/search/?api=1&query=Barbearia%20abadia&query_place_id=ChIJa2aZB2f4zpQRn9Xk9_4MAXI
BARBEARIA FREESTYLE 01,+55 11 96830-1177,"Rua italina 520 itaquera - Vila Carmosina, São Paulo - SP, 08290-680, Brasil",Vila Carmosina,4.7,173,https://www.google.com/maps/search/?api=1&query=BARBEARIA%20FREESTYLE%2001&query_place_id=ChIJVZw955lmzpQRFwLy9UmFZqU
BARBEARIA FREESTYLE 02,+55 11 95924-6539,"R. Fontoura Xavier, n 996 - Vila Carmosina, São Paulo - SP, 08295-300, Brasil",Vila Carmosina,4.7,259,https://www.google.com/maps/search/?api=1&query=BARBEARIA%20FREESTYLE%2002&query_place_id=ChIJZU_CJLJnzpQReQYiwbHluls
Barbearia First Option Classe A,+55 11 94732-3345,"R. Fontoura Xavier, 838 - Itaquera, São Paulo - SP, 08295-300, Brasil",Itaquera,4.8,214,https://www.google.com/maps/search/?api=1&query=Barbearia%20First%20Option%20Classe%20A&query_place_id=ChIJWRpDCJRmzpQRMgeJ4OJ1XOk
Barbearia DS,+55 11 98241-8854,"R. Dr. Rodrigo Pereira Barreto, 61 - Itaquera, São Paulo - SP, 08210-540, Brasil",Itaquera,4.9,232,https://www.google.com/maps/search/?api=1&query=Barbearia%20DS&query_place_id=ChIJozIaMkNnzpQRRfRYothnorE
Primos Barbearia,+55 11 95992-9488,"R. Ceará-Mirim, 2b - Itaquera, São Paulo - SP, 08210-640, Brasil",Itaquera,4.6,80,https://www.google.com/maps/search/?api=1&query=Primos%20Barbearia&query_place_id=ChIJs5f5jKVmzpQR9D8d5_OLuS4
Trezentos Barber Shop,+55 11 93956-3128,"Av. José Pinheiro Borges - Jardim Cleide, São Paulo - SP, 08220-900, Brasil",Jardim Cleide,3.7,25,https://www.google.com/maps/search/?api=1&query=Trezentos%20Barber%20Shop&query_place_id=ChIJ-eY6qAdnzpQR2W8xq2LpfRc
Barbearia - New Style,+55 11 95211-6161,"R. Sabbado D'Ângelo, 1627 - Conj. Res. José Bonifácio, São Paulo - SP, 08210-791, Brasil",Conjunto Residencial José Bonifácio,4.9,217,https://www.google.com/maps/search/?api=1&query=Barbearia%20-%20New%20Style&query_place_id=ChIJt_8aS5tmzpQRH4_0I22a_Lc
Original Barbearia,+55 11 4248-8361,"Rua Joviânia, 23 - Itaquera, São Paulo - SP, 08290-680, Brasil",Itaquera,4.5,201,https://www.google.com/maps/search/?api=1&query=Original%20Barbearia&query_place_id=ChIJ8_Zs3JlmzpQRp_9R2BsGRMc
Barbearia Black Zone Pinheiros Fradique Coutinho,+55 11 2478-2748,"R. Fradique Coutinho, 539 - Pinheiros, São Paulo - SP, 05416-010, Brasil",Pinheiros,4.9,630,https://www.google.com/maps/search/?api=1&query=Barbearia%20Black%20Zone%20Pinheiros%20Fradique%20Coutinho&query_place_id=ChIJm7HG0EtXzpQRO-WhaXOdHkI
Barbearia Studio Luiz Barber 💈,+55 11 95994-1795,"R. Cônego Eugênio Leite, 1117 - Pinheiros, São Paulo - SP, 05414-012, Brasil",Pinheiros,5,58,https://www.google.com/maps/search/?api=1&query=Barbearia%20Studio%20Luiz%20Barber%20%F0%9F%92%88&query_place_id=ChIJ8xsCPuBXzpQRlimNwLDxUwg
Barbearia The Captain’s - Pinheiros,+55 11 97690-0924,"R. Artur de Azevedo, 662 - Loja 2 - Pinheiros, São Paulo - SP, 05404-001, Brasil",Pinheiros,4.5,151,https://www.google.com/maps/search/?api=1&query=Barbearia%20The%20Captain%E2%80%99s%20-%20Pinheiros&query_place_id=ChIJL61K0WxXzpQRcB3CivLigJ8
Barbearia o Calixto - Pinheiros,+55 11 4562-3450,"R. Teodoro Sampaio, 1130 - Pinheiros, São Paulo - SP, 05406-050, Brasil",Pinheiros,5,21,https://www.google.com/maps/search/?api=1&query=Barbearia%20o%20Calixto%20-%20Pinheiros&query_place_id=ChIJE1lz0YVXzpQRsA6NWS7J3iw
Barbearia Valentins,+55 11 95459-2011,"R. Pascoal Bianco, 9 - Pinheiros, São Paulo - SP, 05425-050, Brasil",Pinheiros,4.9,99,https://www.google.com/maps/search/?api=1&query=Barbearia%20Valentins&query_place_id=ChIJh1-fQvtXzpQRMOfSulsWzQc
Drip & Cut Barber Co.,+55 11 99753-0289,"R. Santa Cruz, 525 - Vila Mariana, São Paulo - SP, 04121-000, Brasil",Vila Mariana,5,155,https://www.google.com/maps/search/?api=1&query=Drip%20%26%20Cut%20Barber%20Co.&query_place_id=ChIJbVKKVAtbzpQRluUKIWWR0hc
Barber SP,+55 11 5908-1673,"R. Pelotas, 608 - Vila Mariana, São Paulo - SP, 04012-002, Brasil",Vila Mariana,4.9,182,https://www.google.com/maps/search/?api=1&query=Barber%20SP&query_place_id=ChIJvQNGpI1ZzpQR0aXMEtcmvLo
Barbearia Reinaldo - Mooca,+55 11 97968-3949,"Rua Camé, 632 - Mooca, São Paulo - SP, 03121-020, Brasil",Mooca,5,36,https://www.google.com/maps/search/?api=1&query=Barbearia%20Reinaldo%20-%20Mooca&query_place_id=ChIJMfGLcZZZzpQR4B33iI7nQb4
Barbearia Conventi Mooca IV,+55 11 93218-0662,"R. Canuto Saraiva, 540 - Mooca, São Paulo - SP, 03113-010, Brasil",Mooca,5,271,https://www.google.com/maps/search/?api=1&query=Barbearia%20Conventi%20Mooca%20IV&query_place_id=ChIJWacqyg5ZzpQRMCWOIXnLC4o
Felix Barbershop Mooca,+55 11 98630-0463,"R. dos Campineiros, 377 - Alto da Mooca, São Paulo - SP, 03167-020, Brasil",Alto da Mooca,5,36,https://www.google.com/maps/search/?api=1&query=Felix%20Barbershop%20Mooca&query_place_id=ChIJg-WqmPZdzpQRYkT3ShUnTN8
RB Barbearia,+55 11 2157-2468,"R. Fernando Falcão, 1174 - Mooca, São Paulo - SP, 03180-002, Brasil",Mooca,4.9,94,https://www.google.com/maps/search/?api=1&query=RB%20Barbearia&query_place_id=ChIJMU-IRKtezpQRq0JV3BoJlsE
Barbearia Dom Papito unidade Mooca,+55 11 94890-2009,"R. Visc. de Inhomerim, 1109 - Mooca, São Paulo - SP, 03120-001, Brasil",Mooca,5,104,https://www.google.com/maps/search/?api=1&query=Barbearia%20Dom%20Papito%20unidade%20Mooca&query_place_id=ChIJ_amVCvFZzpQR2Bu_b3rm2go
Barbearia Costa Norte,+55 11 3729-6167,"Av. Água Fria, 587 - Santana, São Paulo - SP, 02332-000, Brasil",Santana,4.8,156,https://www.google.com/maps/search/?api=1&query=Barbearia%20Costa%20Norte&query_place_id=ChIJT-UYZ1v3zpQRM5VWZWom9FQ
Barbearia Rio Grande,+55 11 94949-8118,"R. Rio Grande, 138 - Vila Mariana, São Paulo - SP, 04015-001, Brasil",Vila Mariana,4.6,132,https://www.google.com/maps/search/?api=1&query=Barbearia%20Rio%20Grande&query_place_id=ChIJXVIO4IhZzpQRGqCLAYwDnFc
London Barbearia Tatuapé,+55 11 96987-5816,"R. Ulisses Cruz, 582 - Tatuapé, São Paulo - SP, 03077-000, Brasil",Tatuapé,5,79,https://www.google.com/maps/search/?api=1&query=London%20Barbearia%20Tatuap%C3%A9&query_place_id=ChIJkQVTryZfzpQRtaWUlTnigN8
Barbearia Bravíssimo,+55 11 2532-1143,"R. Dr. Neto de Araújo, 433 - Vila Mariana, São Paulo - SP, 04111-001, Brasil",Vila Mariana,4.6,242,https://www.google.com/maps/search/?api=1&query=Barbearia%20Brav%C3%ADssimo&query_place_id=ChIJ0wjC3NRbzpQRDF2cHmhNH8M
Ortiz barber,+55 11 97223-1639,"R. Eugênio Albini, 25 - Itaquera, São Paulo - SP, 08250-640, Brasil",Itaquera,5,27,https://www.google.com/maps/search/?api=1&query=Ortiz%20barber&query_place_id=ChIJbeP5gwxlzpQRHI62GbGN1dc
BARBEARIA NASHVILLE,+55 11 94629-9799,"Av. das Alamandas, 81 - Itaquera, São Paulo - SP, 08225-310, Brasil",Itaquera,4.9,24,https://www.google.com/maps/search/?api=1&query=BARBEARIA%20NASHVILLE&query_place_id=ChIJBd6ILgJZzpQRTrMPY2uAz3U
Barbearia Trajano,+55 11 94600-5376,"R. Trajano, 217 - Lapa, São Paulo - SP, 05050-110, Brasil",Lapa,5,14,https://www.google.com/maps/search/?api=1&query=Barbearia%20Trajano&query_place_id=ChIJudNOI2j5zpQRNxH5CRNez_s
BARBEARIA SANTANA,+55 11 94485-3250,"R. Des. Paulo Costa, 25-A - Parque da Mooca, São Paulo - SP, 03122-040, Brasil",Parque da Mooca,4.9,39,https://www.google.com/maps/search/?api=1&query=BARBEARIA%20SANTANA&query_place_id=ChIJ4RHgxH5ZzpQRQnUGNFV8tew
Barbearia Santana,+55 11 95953-5587,"Rua Carmo da Cachoeira, 298 - Jardim Helena, São Paulo - SP, 08090-410, Brasil",Jardim Helena,5,11,https://www.google.com/maps/search/?api=1&query=Barbearia%20Santana&query_place_id=ChIJgQplPM5jzpQRnielzF7uXic
Barbearia Qc,+55 11 95202-3275,"R. Rainha da Noite - Itaquera, São Paulo - SP, 08235-000, Brasil",Itaquera,4.9,38,https://www.google.com/maps/search/?api=1&query=Barbearia%20Qc&query_place_id=ChIJG91Muy5hzpQR5AE3CPky-H8
Harlem Barber Club - Shopping Eldorado,+55 11 99929-7956,"Avenida Rebouças, 3970 - LUC 1009 - Pinheiros, São Paulo - SP, 05602-918, Brasil",Pinheiros,4.6,236,https://www.google.com/maps/search/?api=1&query=Harlem%20Barber%20Club%20-%20Shopping%20Eldorado&query_place_id=ChIJERbo9eBXzpQRlsi9x_N7rEY
Barber Shop Black Stylle (Unidade Tatuapé),+55 11 93754-1550,"R. Duarte de Carvalho, 293 - Tatuapé, São Paulo - SP, 03084-030, Brasil",Tatuapé,5,227,https://www.google.com/maps/search/?api=1&query=Barber%20Shop%20Black%20Stylle%20(Unidade%20Tatuap%C3%A9)&query_place_id=ChIJMXtfUAZfzpQRIrFapfrQkVw
Barbearia Barber Woman,+55 11 93261-4004,"R. Pio XI, 47 - Alto da Lapa, São Paulo - SP, 05060-020, Brasil",Alto da Lapa,5,43,https://www.google.com/maps/search/?api=1&query=Barbearia%20Barber%20Woman&query_place_id=ChIJI3O8puP5zpQRx-ryqVGU9MU
Barbearia D' Diniz,+55 11 94107-1157,"Av. Dr. Francisco Munhoz Filho, 1650 - Itaquera, São Paulo - SP, 08280-000, Brasil",Itaquera,4.6,126,https://www.google.com/maps/search/?api=1&query=Barbearia%20D'%20Diniz&query_place_id=ChIJVVVyuPlmzpQRpmCNQ6qTXXA
Barbearia Hera,+55 11 3796-7398,"Av. Celso Garcia, 3390 - Tatuapé, São Paulo - SP, 03064-000, Brasil",Tatuapé,4.9,308,https://www.google.com/maps/search/?api=1&query=Barbearia%20Hera&query_place_id=ChIJFa-XddxezpQRQr8XEf_Cqzk
Bento Barbearia,+55 11 99251-8946,"R. Carlos Weber, 1777 - Parque da Lapa, São Paulo - SP, 05303-000, Brasil",Parque da Lapa,5,60,https://www.google.com/maps/search/?api=1&query=Bento%20Barbearia&query_place_id=ChIJrQggitT5zpQRpsIyAurnZfA
Barbearia Santana & Cia.,+55 11 94996-7195,"Av. Yervant Kissajikian, 3661 - Americanópolis, São Paulo - SP, 04428-010, Brasil",Americanópolis,5,57,https://www.google.com/maps/search/?api=1&query=Barbearia%20Santana%20%26%20Cia.&query_place_id=ChIJi0BjIMdFzpQRjpB03PBiLcw
Vintage Barbearia,+55 11 3213-4514,"R. Cantagalo, 1653 b - Tatuapé, São Paulo - SP, 03319-001, Brasil",Tatuapé,4.7,103,https://www.google.com/maps/search/?api=1&query=Vintage%20Barbearia&query_place_id=ChIJjbRnvItezpQRIzi-Dl-QAnQ
Barbearia Santos,+55 11 95725-5638,"Rua Paulo Lopes de Leão, 94 - Itaquera, São Paulo - SP, 08210-520, Brasil",Itaquera,4.7,17,https://www.google.com/maps/search/?api=1&query=Barbearia%20Santos&query_place_id=ChIJ_SMpyTRnzpQRMcJcQ0znOeQ
Barbearia Adaga Tattoo e body Pircing,+55 11 5083-6193,"Rua Carlos Petit, 23 - Vila Mariana, São Paulo - SP, 04102-000, Brasil",Vila Mariana,4.9,216,https://www.google.com/maps/search/?api=1&query=Barbearia%20Adaga%20Tattoo%20e%20body%20Pircing&query_place_id=ChIJi6UabvpZzpQR54BPCGWMg0U
Moocabelo Barber Shop,+55 11 95081-4046,"R. Curupacê, 103 - Mooca, São Paulo - SP, 03120-010, Brasil",Mooca,5,18,https://www.google.com/maps/search/?api=1&query=Moocabelo%20Barber%20Shop&query_place_id=ChIJo3RZ1cJZzpQRRKetIuqnAmI
barbershopdocarioca,+55 11 98804-3854,"R. Dom Bosco, 311 - Mooca, São Paulo - SP, 03105-020, Brasil",Mooca,5,91,https://www.google.com/maps/search/?api=1&query=barbershopdocarioca&query_place_id=ChIJQw09SxBZzpQR3Om5IbamRbY
Barber Brasil (A Loja do Barbeiro),+55 11 2073-5414,"R. Virgínia Ferni, 1900 - Itaquera, São Paulo - SP, 08253-001, Brasil",Itaquera,5,94,https://www.google.com/maps/search/?api=1&query=Barber%20Brasil%20(A%20Loja%20do%20Barbeiro)&query_place_id=ChIJE9EKllJlzpQR1LdpShvF0OE
Barbearia Nascimento,+55 11 91876-8549,"R. Alferes Magalhães, 26 - Santana, São Paulo - SP, 02034-006, Brasil",Santana,4.6,93,https://www.google.com/maps/search/?api=1&query=Barbearia%20Nascimento&query_place_id=ChIJu7O3mSn2zpQRxiB2UMcpqrY
Barbearia e Estética Fio do Bigode,+55 11 3675-5262,"R. Pio XI, 2234 - Alto de Pinheiros, São Paulo - SP, 05468-140, Brasil",Alto de Pinheiros,4.8,161,https://www.google.com/maps/search/?api=1&query=Barbearia%20e%20Est%C3%A9tica%20Fio%20do%20Bigode&query_place_id=ChIJ70HPgZD5zpQRAte2hqevoH4
Mattos Barbearia,+55 11 97711-7423,"R. Augusto Carlos Bauman, 327 - Itaquera, São Paulo - SP, 08210-590, Brasil",Itaquera,5,58,https://www.google.com/maps/search/?api=1&query=Mattos%20Barbearia&query_place_id=ChIJ3xzFl8dnzpQRsp7rE1SbnyY
Barbearia Belo Corte,+55 11 95245-3943,"R. Ezequiel Freire, 328 - Santana, São Paulo - SP, 02034-000, Brasil",Santana,4.3,22,https://www.google.com/maps/search/?api=1&query=Barbearia%20Belo%20Corte&query_place_id=ChIJq-6Uv6_3zpQR_wruDuj9cOg
Barbearia Ramirez,+55 11 3082-2530,"R. Capote Valente, 529 - Pinheiros, São Paulo - SP, 05409-001, Brasil",Pinheiros,4.5,80,https://www.google.com/maps/search/?api=1&query=Barbearia%20Ramirez&query_place_id=ChIJCe9rEIRXzpQR9nsgSmXT4mo
Oficina do Cabelo (Pinheiros),+55 11 3032-6667,"Rua Cardeal Arcoverde, 2871 - Pinheiros, São Paulo - SP, 05407-004, Brasil",Pinheiros,4.8,431,https://www.google.com/maps/search/?api=1&query=Oficina%20do%20Cabelo%20(Pinheiros)&query_place_id=ChIJhZjkVadXzpQRIx3_9HkP1Hc
Barbearia Scorpions,+55 11 99497-5679,"R. Simão Álvares, 597 - Pinheiros, São Paulo - SP, 05417-030, Brasil",Pinheiros,5,26,https://www.google.com/maps/search/?api=1&query=Barbearia%20Scorpions&query_place_id=ChIJ4xbUv4ZXzpQRsgwcTu4oEUc
BARBEARIA MADALENA,+55 11 97307-4740,"R. Wisard, 74 - Vila Madalena, São Paulo - SP, 05434-000, Brasil",Vila Madalena,4.9,249,https://www.google.com/maps/search/?api=1&query=BARBEARIA%20MADALENA&query_place_id=ChIJFXgAD3BXzpQRtILtOaJY_qk
Apolo Barbearia - Vila Madalena / Pinheiros,+55 11 99700-7887,"R. Heitor Penteado, 1594 - Sumarezinho, São Paulo - SP, 05437-002, Brasil",Sumarezinho,4.9,111,https://www.google.com/maps/search/?api=1&query=Apolo%20Barbearia%20-%20Vila%20Madalena%20%2F%20Pinheiros&query_place_id=ChIJBwxTSa1XzpQR0fplvR2Lb1o
Barbearia Parente,+55 11 95045-9381,"R. Conselheiro Saraiva, 532 - Santana, São Paulo - SP, 02037-021, Brasil",Santana,4.6,42,https://www.google.com/maps/search/?api=1&query=Barbearia%20Parente&query_place_id=ChIJnwSyjyX2zpQRWc1wCl0UB_A
Santana Barbeiro,+55 11 95891-9457,"Av. das Cerejeiras, 358 - Vila Maria Alta, São Paulo - SP, 02124-000, Brasil",Vila Maria Alta,,,https://www.google.com/maps/search/?api=1&query=Santana%20Barbeiro&query_place_id=ChIJQ5-pUkRfzpQROYg2oLpl32s
Ferreiras Barbearia,+55 11 97551-6807,"R. Aureliano Leal, 282 - Santana, São Paulo - SP, 02334-091, Brasil",Santana,5,7,https://www.google.com/maps/search/?api=1&query=Ferreiras%20Barbearia&query_place_id=ChIJweZoRf_3zpQRETeGrTD988Y
Barbearia Neg’s,+55 11 94401-6619,"Praça Pádua Dias, 22 - Tatuapé, São Paulo - SP, 03067-050, Brasil",Tatuapé,5,25,https://www.google.com/maps/search/?api=1&query=Barbearia%20Neg%E2%80%99s&query_place_id=ChIJL3zcTQBfzpQR6IZKMgKi5l8
Zero7 Barbershop,+55 11 97067-9742,"R. Serra de São Domingos, 186 - Itaquera, São Paulo - SP, 08275-700, Brasil",Itaquera,5,7,https://www.google.com/maps/search/?api=1&query=Zero7%20Barbershop&query_place_id=ChIJOUa0HLNnzpQRKQHKth2yl7k
DÚzZECA BARBEARIA,+55 11 95348-0301,"R. Flôr das Almas, 115 - Itaquera, São Paulo - SP, 08230-730, Brasil",Itaquera,5,7,https://www.google.com/maps/search/?api=1&query=D%C3%9AzZECA%20BARBEARIA&query_place_id=ChIJX2AyUoJhzpQRCwf1GcFQK0I
Af Studio Barber,+55 11 94554-6643,"R. Miguel Ferreira de Melo - Jardim Santo Andre, São Paulo - SP, 08390-000, Brasil",Jardim Santo Andre,5,30,https://www.google.com/maps/search/?api=1&query=Af%20Studio%20Barber&query_place_id=ChIJgc9M-txpzpQRvhNjhYHCMT0
Barbearia Cavaleiro,+55 11 94661-6622,"R. Coelho Lisboa, 551 - Tatuapé, São Paulo - SP, 03323-040, Brasil",Tatuapé,4.9,29,https://www.google.com/maps/search/?api=1&query=Barbearia%20Cavaleiro&query_place_id=ChIJuVdyI-JfzpQRCTLFHGrdbos
Verus Barbearia,+55 11 98425-3611,"R. Platina, 266 - Vila Azevedo, São Paulo - SP, 03308-010, Brasil",Vila Azevedo,4.9,94,https://www.google.com/maps/search/?api=1&query=Verus%20Barbearia&query_place_id=ChIJ_19dzI5fzpQRApk1WDpyVDs
BARBEARIA HORUS,+55 11 97819-2315,"R. Fernandes Pinheiro, 454 - Tatuapé, São Paulo - SP, 03070-040, Brasil",Tatuapé,5,1,https://www.google.com/maps/search/?api=1&query=BARBEARIA%20HORUS&query_place_id=ChIJdWTbqBBfzpQRy95EjUKW6NU
Barbůharia - Barbearia Tatuapé,+55 11 98141-6613,"R. Itapeti, 572 - Tatuapé, São Paulo - SP, 03324-002, Brasil",Tatuapé,4.9,68,https://www.google.com/maps/search/?api=1&query=Barb%C5%AFharia%20-%20Barbearia%20Tatuap%C3%A9&query_place_id=ChIJrd0I7jVfzpQROxzx6IYEPs0
Barbearia Baron,+55 11 2649-9164,"R. Serra de Bragança, 486 - Tatuapé, São Paulo - SP, 03185-010, Brasil",Tatuapé,5,6,https://www.google.com/maps/search/?api=1&query=Barbearia%20Baron&query_place_id=ChIJxeazWAtfzpQRz9Qocjga-yo
Espaço Vulcano Tatuapé,+55 11 3791-4637,"R. Isidro Tinoco, 36 - Tatuapé, São Paulo - SP, 03316-010, Brasil",Tatuapé,4.2,5,https://www.google.com/maps/search/?api=1&query=Espa%C3%A7o%20Vulcano%20Tatuap%C3%A9&query_place_id=ChIJO_5b5mlfzpQRXTc3jweNER0
Barbearia 1980,+55 11 98575-1980,"R. Vista Alegre, 48 - Cidade Mãe do Céu, São Paulo - SP, 03304-020, Brasil",Cidade Mãe do Céu,4.8,220,https://www.google.com/maps/search/?api=1&query=Barbearia%201980&query_place_id=ChIJX7WH4cNezpQRYgbnqxQNAL4
Barbearia Los Hermanos Gula,+55 11 99692-9273,"R. São Teodoro, 418 - Vila Carmosina, São Paulo - SP, 08290-005, Brasil",Vila Carmosina,4.9,29,https://www.google.com/maps/search/?api=1&query=Barbearia%20Los%20Hermanos%20Gula&query_place_id=ChIJ8RrnHyBnzpQRQV7TJyvYJzI
Barbearia no talento,+55 11 98109-8182,"R. Itaguatins, 180 - Itaquera, São Paulo - SP, 08230-220, Brasil",Itaquera,4.8,6,https://www.google.com/maps/search/?api=1&query=Barbearia%20no%20talento&query_place_id=ChIJcaGR6hdnzpQRKdu8E21JCps
Barber shop Mauricio Moustache,+55 11 94730-3544,"R. Itapitanga, 144 - Itaquera, São Paulo - SP, 08290-580, Brasil",Itaquera,5,15,https://www.google.com/maps/search/?api=1&query=Barber%20shop%20Mauricio%20Moustache&query_place_id=ChIJc5zv2-tnzpQR_C52p5F0nGM
Barbearia King style,+55 11 98409-7114,"R. Baixada Santista, 538 - Itaquera, São Paulo - SP, 08295-360, Brasil",Itaquera,5,12,https://www.google.com/maps/search/?api=1&query=Barbearia%20King%20style&query_place_id=ChIJEQHyX79nzpQR4st7q3EbJWA
Barbearia Premium,+55 11 95113-2973,"R. São Teodoro, ° 639 - A, São Paulo - SP, 08290-005, Brasil",A,5,32,https://www.google.com/maps/search/?api=1&query=Barbearia%20Premium&query_place_id=ChIJKaTrpl9nzpQRROs5ETGnBwo
JC Studio Barber,+55 11 95430-6834,"Largo da Matriz, 07 - sala 03 - Itaquera, São Paulo - SP, 08210-110, Brasil",Itaquera,4.8,12,https://www.google.com/maps/search/?api=1&query=JC%20Studio%20Barber&query_place_id=ChIJISF8CGhnzpQRqgHAFSN0iY8
Barbearia Do Ale,+55 11 99931-7008,"R. Itapitanga, 115 - Itaquera, São Paulo - SP, 08290-580, Brasil",Itaquera,4.9,49,https://www.google.com/maps/search/?api=1&query=Barbearia%20Do%20Ale&query_place_id=ChIJZ6nkZexmzpQRFzifbIYjTiE
RM Barbearia Itaquera - ZL,+55 11 97690-4510,"R. Harry Dannenberg, 1234 - Vila Carmosina, São Paulo - SP, 08270-010, Brasil",Vila Carmosina,5,25,https://www.google.com/maps/search/?api=1&query=RM%20Barbearia%20Itaquera%20-%20ZL&query_place_id=ChIJZSySVHxnzpQRNH5t8Y2LqTI
Tomi Tattoo Br,+55 11 98830-4143,"R. Voluntários da Pátria, 3283 - Santana, São Paulo - SP, 02401-200, Brasil",Santana,4.8,134,https://www.google.com/maps/search/?api=1&query=Tomi%20Tattoo%20Br&query_place_id=ChIJpb12psf3zpQRR3tXyq8bYsc
Barbearia Cruz de Malta,+55 11 4329-2078,"R. Dr. César, 347 - Santana, São Paulo - SP, 02013-001, Brasil",Santana,4.7,180,https://www.google.com/maps/search/?api=1&query=Barbearia%20Cruz%20de%20Malta&query_place_id=ChIJAQDA9Cz2zpQRO5rIhPP4CK4
Specter Barbershop,+55 11 93732-9781,"Rua Alphonsus de Guimaraens, 231 - Alto de Santana, São Paulo - SP, 02404-030, Brasil",Alto de Santana,4.8,38,https://www.google.com/maps/search/?api=1&query=Specter%20Barbershop&query_place_id=ChIJj2urPe_3zpQRkd3dDUo6JvI
Barbearia Style Brothers,+55 11 97077-1361,"Av. Imirim, 1954 - Santana, São Paulo - SP, 02464-300, Brasil",Santana,4.9,117,https://www.google.com/maps/search/?api=1&query=Barbearia%20Style%20Brothers&query_place_id=ChIJUdp_0sv3zpQRDF961Dm49Gw
Barbearia Zer0800,+55 11 98473-2047,"R. Conselheiro Moreira de Barros, 800 - Santana, São Paulo - SP, 02018-012, Brasil",Santana,5,31,https://www.google.com/maps/search/?api=1&query=Barbearia%20Zer0800&query_place_id=ChIJGVqp35T3zpQReX3OwdV3cmk
SP Vintage Barbearia Clássica,+55 11 99727-4063,"R. Serra de Botucatu, 943 - Vila Gomes Cardim, São Paulo - SP, 03317-000, Brasil",Vila Gomes Cardim,4.9,110,https://www.google.com/maps/search/?api=1&query=SP%20Vintage%20Barbearia%20Cl%C3%A1ssica&query_place_id=ChIJESic-nBfzpQR3VOJMuI2cMc
Atelier Êxtase,+55 11 97092-9040,"R. Tuiuti, 2606 - Tatuapé, São Paulo - SP, 03307-005, Brasil",Tatuapé,4.9,91,https://www.google.com/maps/search/?api=1&query=Atelier%20%C3%8Axtase&query_place_id=ChIJs0UoKXFfzpQRhpPErjEx8ko
Igor Barber,+55 11 96874-0101,"R. Serra de Botucatu, 1688 - Tatuapé, São Paulo - SP, 03317-001, Brasil",Tatuapé,4.2,10,https://www.google.com/maps/search/?api=1&query=Igor%20Barber&query_place_id=ChIJf_rwADRfzpQRaoJacsHzEz4
Pizzo Barber,+55 11 95824-0927,"R. Serra de Bragança, 1394 - SALA 02 - Tatuapé, São Paulo - SP, 03312-000, Brasil",Tatuapé,5,36,https://www.google.com/maps/search/?api=1&query=Pizzo%20Barber&query_place_id=ChIJc5_KPNpfzpQRb2VUF1juCOo
Ronibarber,+55 11 98859-2905,"R. Serra de Bragança, 527 - Tatuapé, São Paulo - SP, 03318-000, Brasil",Tatuapé,4.9,52,https://www.google.com/maps/search/?api=1&query=Ronibarber&query_place_id=ChIJn_nhjENfzpQRAFE1X0g4yik
Barbearia e Cabeleireiro Jaú Sp zl Tatuapé(são Paulo),+55 11 96163-9985,"Avenida Celso Garcia, 5390 Tatuapé respondemos - via zap somente, São Paulo - SP, 03064-000, Brasil",via zap somente,4.7,95,https://www.google.com/maps/search/?api=1&query=Barbearia%20e%20Cabeleireiro%20Ja%C3%BA%20Sp%20zl%20Tatuap%C3%A9(s%C3%A3o%20Paulo)&query_place_id=ChIJNU7MCvpezpQRDog4zCkvZPc
Barbearia Élégance,+55 11 97032-1500,"R. Tijuco Preto, 638 - Tatuapé, São Paulo - SP, 03316-000, Brasil",Tatuapé,4.9,20,https://www.google.com/maps/search/?api=1&query=Barbearia%20%C3%89l%C3%A9gance&query_place_id=ChIJ0SsTZytfzpQRXYSOawUDtFg
Barbearia Queiroz,+55 11 98542-2768,"Av. Celso Garcia, 3474 - Tatuapé, São Paulo - SP, 03064-000, Brasil",Tatuapé,5,56,https://www.google.com/maps/search/?api=1&query=Barbearia%20Queiroz&query_place_id=ChIJt7wTUzVfzpQRxWftvsoVp-s
Finos Barber studio,+55 11 95118-3773,"Rua: Professor Pedreira de Freitas, 1065 - Tatuapé, São Paulo - SP, 03312-052, Brasil",Tatuapé,5,2,https://www.google.com/maps/search/?api=1&query=Finos%20Barber%20studio&query_place_id=ChIJ3yp7sRZfzpQRywbIAh_AAtk
NOVO PANORAMA BARBEARIA,+55 11 97353-7516,"Av. Celso Garcia, 3777 - Tatuapé, São Paulo - SP, 03064-000, Brasil",Tatuapé,4.8,74,https://www.google.com/maps/search/?api=1&query=NOVO%20PANORAMA%20BARBEARIA&query_place_id=ChIJay8RCN1ezpQRajf5yEax0Ic
Samurai Barbearia,+55 11 99839-1590,"R. Padre Estevão Pernet, 862 - Vila Gomes Cardim, São Paulo - SP, 03315-000, Brasil",Vila Gomes Cardim,5,52,https://www.google.com/maps/search/?api=1&query=Samurai%20Barbearia&query_place_id=ChIJOxL2Hf1fzpQRRN9JdIZidjU
São Paulo barbearia,+55 11 93759-4342,"R. Rodesia, 230 - Sumarezinho, São Paulo - SP, 05435-020, Brasil",Sumarezinho,4.7,193,https://www.google.com/maps/search/?api=1&query=S%C3%A3o%20Paulo%20barbearia&query_place_id=ChIJc0euML5XzpQRySI_sIsLb3s
Buiu Barbearia,+55 11 96027-2032,"Rua Arruda Alvim, 416 - Pinheiros, São Paulo - SP, 05410-020, Brasil",Pinheiros,4.7,31,https://www.google.com/maps/search/?api=1&query=Buiu%20Barbearia&query_place_id=ChIJQ5ssRI9XzpQRBrHzto6c7DI
Barbearia Los Cordeiros Perdizes,+55 11 95722-6243,"R. Cardoso de Almeida, 1415 - Perdizes, São Paulo - SP, 05013-001, Brasil",Perdizes,5,124,https://www.google.com/maps/search/?api=1&query=Barbearia%20Los%20Cordeiros%20Perdizes&query_place_id=ChIJOzsu8VVXzpQRfX8-kFATnIc
Barbearia Turismo,+55 11 96027-2032,"Rua Arruda Alvim, 416 - Pinheiros, São Paulo - SP, 05410-020, Brasil",Pinheiros,5,6,https://www.google.com/maps/search/?api=1&query=Barbearia%20Turismo&query_place_id=ChIJQ5ssRI9XzpQRBAVBGU2WgsY
Barbearia dos Irmãos - Vila Madalena,+55 11 3814-2245,"R. Leão Coroado, 64 - Vila Madalena, São Paulo - SP, 05445-050, Brasil",Vila Madalena,4.8,301,https://www.google.com/maps/search/?api=1&query=Barbearia%20dos%20Irm%C3%A3os%20-%20Vila%20Madalena&query_place_id=ChIJ9SEBkMdXzpQRahGsOXxa8jE
Barbearia do Rodrigo,+55 11 98372-1918,"Av. Diógenes Ribeiro de Lima, 2431 - Alto de Pinheiros, São Paulo - SP, 05458-001, Brasil",Alto de Pinheiros,4.8,68,https://www.google.com/maps/search/?api=1&query=Barbearia%20do%20Rodrigo&query_place_id=ChIJyayj_ydWzpQRyFZoPBOMVKk
Elite barbearia & salão,+55 11 98382-2149,"Rua Américo Salvador Novelli, 275 - Itaquera, São Paulo - SP, 08210-090, Brasil",Itaquera,5,13,https://www.google.com/maps/search/?api=1&query=Elite%20barbearia%20%26%20sal%C3%A3o&query_place_id=ChIJnzolul9nzpQRxIrNTxmhTTg
Binho_BarberShop,+55 11 99503-4494,"Estr. Itaquera Guaianazes, 1347 - Xv de novembro, São Paulo - SP, 08246-000, Brasil",Xv de novembro,4.9,36,https://www.google.com/maps/search/?api=1&query=Binho_BarberShop&query_place_id=ChIJxzDGtR5kzpQRuM4tVKLHhNg
Barbearia Barba Dragon,+55 11 99481-4744,"Rua Alfredo Ricci, 333 - Cohab 2, São Paulo - SP, 08253-010, Brasil",Cohab 2,4.9,90,https://www.google.com/maps/search/?api=1&query=Barbearia%20Barba%20Dragon&query_place_id=ChIJGW4p-RtlzpQReuBxjG12Yvc
Barbearia Marcos Rocha,+55 11 99128-0955,"Rua casa do trem 16 Vila Campanella - Itaquera, São Paulo - SP, 08220-340, Brasil",Itaquera,5,12,https://www.google.com/maps/search/?api=1&query=Barbearia%20Marcos%20Rocha&query_place_id=ChIJ-WTw4cdnzpQRuBvd14mgpeI
Felipe Barbeiro,+55 11 98852-4581,"R. São Teodoro, 379 - Itaquera, São Paulo - SP, 08290-005, Brasil",Itaquera,4,3,https://www.google.com/maps/search/?api=1&query=Felipe%20Barbeiro&query_place_id=ChIJqVBaq2lnzpQRcVBYJDNU824
Barbearia Do Brancão,+55 11 96892-6355,"R. São Francisco do Piauí, 316 - Itaquera, São Paulo - SP, 08215-400, Brasil",Itaquera,4.8,39,https://www.google.com/maps/search/?api=1&query=Barbearia%20Do%20Branc%C3%A3o&query_place_id=ChIJI5ypa6JmzpQRrx6ahIXPogY
Barbearia Colombo Cuts,+55 11 96210-4936,"R. Colombo, 84 - Itaquera, São Paulo - SP, 08210-030, Brasil",Itaquera,5,6,https://www.google.com/maps/search/?api=1&query=Barbearia%20Colombo%20Cuts&query_place_id=ChIJMUvPvGNnzpQRFM1-JZCKlWs
Barbearia Bigode Grosso,+55 11 94914-3026,"Rua italina Villa carmosina - Itaquera, São Paulo - SP, 08290-705, Brasil",Itaquera,4,1,https://www.google.com/maps/search/?api=1&query=Barbearia%20Bigode%20Grosso&query_place_id=ChIJA1SNnw5nzpQR5QfNXqXnzoQ
BARBEARIA NICOLAU,+55 11 98662-0484,"R. Catarina Lopes, 246 - Itaquera, São Paulo - SP, 08225-000, Brasil",Itaquera,5,3,https://www.google.com/maps/search/?api=1&query=BARBEARIA%20NICOLAU&query_place_id=ChIJne13g71nzpQROwGwiZRK8Zg
Barbearia Dom de Deus,+55 11 97378-0450,"R. Goiti, 120 - Itaquera, São Paulo - SP, 08225-220, Brasil",Itaquera,4.7,6,https://www.google.com/maps/search/?api=1&query=Barbearia%20Dom%20de%20Deus&query_place_id=ChIJT0sB5c9mzpQR7VhBWep37EE
Barbeiro Profissional,+55 11 99938-8902,"R. Apucarana - Tatuapé, São Paulo - SP, 03311-000, Brasil",Tatuapé,5,1,https://www.google.com/maps/search/?api=1&query=Barbeiro%20Profissional&query_place_id=ChIJe3Fymo1ezpQRDKC4qzt7CL8
Barbearia East Side,+55 11 95106-7953,"R. Dr. Miguel Vieira Ferreira, 343 B - Tatuapé, São Paulo - SP, 03071-080, Brasil",Tatuapé,4.8,147,https://www.google.com/maps/search/?api=1&query=Barbearia%20East%20Side&query_place_id=ChIJNQJJw_BezpQRLuiCbrdLDkE
MGF Barber And Tattoo,+55 11 99406-7239,"R. Duarte de Carvalho, 293 - Tatuapé, São Paulo - SP, 03084-030, Brasil",Tatuapé,3,2,https://www.google.com/maps/search/?api=1&query=MGF%20Barber%20And%20Tattoo&query_place_id=ChIJyU-gCT6wOUwRzpAzVsBFARs
Cantagalo Barber Shop,+55 13 99628-9763,"R. Serra de Botucatu, 2062 - Tatuapé, São Paulo - SP, 03317-001, Brasil",Tatuapé,4.9,33,https://www.google.com/maps/search/?api=1&query=Cantagalo%20Barber%20Shop&query_place_id=ChIJq_S_uApfzpQR55cuAgtPmsQ
Authentic Black Barbershop,+55 11 95490-9027,"Praça Pádua Dias, 108 - Tatuapé, São Paulo - SP, 03563-110, Brasil",Tatuapé,5,23,https://www.google.com/maps/search/?api=1&query=Authentic%20Black%20Barbershop&query_place_id=ChIJC_4EG3RnzpQRH5ItWra5V6s
Blades,+55 11 2092-6039,"Rua Monte Serrat, 1423 - Tatuapé, São Paulo - SP, 03312-001, Brasil",Tatuapé,4.7,77,https://www.google.com/maps/search/?api=1&query=Blades&query_place_id=ChIJnf_PRFxfzpQRYbyf2caadGE
Barbearia Fidelis Barber Shopp,+55 11 91121-9136,"R. Cesário Galero, 87 - Tatuapé, São Paulo - SP, 03071-000, Brasil",Tatuapé,4.8,16,https://www.google.com/maps/search/?api=1&query=Barbearia%20Fidelis%20Barber%20Shopp&query_place_id=ChIJ50TBbyBfzpQRvPvBkxxjCWg
Barbearia Fernandes,+55 11 96022-1909,"Rua Prof. Pedreira de Freitas 1348 Tatuapé - Chácara Santo Antônio (Zona Leste), São Paulo - SP, 03312-052, Brasil",Chácara Santo Antônio (Zona Leste),4.9,113,https://www.google.com/maps/search/?api=1&query=Barbearia%20Fernandes&query_place_id=ChIJpQIB3nxezpQRGxBddSikNmM
Gringo Blends Barber Studio,+55 11 91679-1155,"R. Francisco Marengo, 1029 - Tatuapé, São Paulo - SP, 03313-001, Brasil",Tatuapé,4.8,18,https://www.google.com/maps/search/?api=1&query=Gringo%20Blends%20Barber%20Studio&query_place_id=ChIJ48iZQOxfzpQRClMaYhnlyIw
Barbearia Teixeira Neves,+55 11 3598-9808,"R. Angelina Maffei Vita - Pinheiros, São Paulo - SP, 01455-070, Brasil",Pinheiros,5,1,https://www.google.com/maps/search/?api=1&query=Barbearia%20Teixeira%20Neves&query_place_id=ChIJXeyakjtXzpQR3GnyAZOGLog
MikaSiqueira Barbearia,+55 11 99390-1418,"R. Artur de Azevedo, 1405 - Pinheiros, São Paulo - SP, 05404-013, Brasil",Pinheiros,5,17,https://www.google.com/maps/search/?api=1&query=MikaSiqueira%20Barbearia&query_place_id=ChIJ2SYkgyFXzpQRsxRqmjemww0
Novo Estilo Barbearia,+55 11 97076-5520,"R. Fernão Dias, 757 - Pinheiros, São Paulo - SP, 05427-011, Brasil",Pinheiros,4.3,6,https://www.google.com/maps/search/?api=1&query=Novo%20Estilo%20Barbearia&query_place_id=ChIJ1aG3o2FXzpQRZHVAFggHQlY
Barbearia Sr. Alves,+55 11 98403-7713,"Rua Alice Macuco Alves 48, R. Cerro Corá, 949 - Alto de Pinheiros, São Paulo - SP, 05453-010, Brasil",Alto de Pinheiros,5,34,https://www.google.com/maps/search/?api=1&query=Barbearia%20Sr.%20Alves&query_place_id=ChIJ3w-1TmxXzpQRXnxYwOL4du8
Barbearia do Marcio,+55 11 99622-4007,"R. Baltazar Carrasco - Pinheiros, São Paulo - SP, 05426-040, Brasil",Pinheiros,5,1,https://www.google.com/maps/search/?api=1&query=Barbearia%20do%20Marcio&query_place_id=ChIJEe3el51XzpQRAS4Cg7I5vlc
Barbearia Assuncão,+55 11 98372-1918,"Av. Diógenes Ribeiro de Lima, 2431 - Alto de Pinheiros, São Paulo - SP, 05458-001, Brasil",Alto de Pinheiros,5,5,https://www.google.com/maps/search/?api=1&query=Barbearia%20Assunc%C3%A3o&query_place_id=ChIJL2QNVZ34zpQRx0voDPDNyFU
Bela vista,+55 21 98797-9091,"R. Capote Valente, 58 - Pinheiros, São Paulo - SP, 08449-190, Brasil",Pinheiros,3.5,12,https://www.google.com/maps/search/?api=1&query=Bela%20vista&query_place_id=ChIJYefMyPBXzpQRX2_44M9vvGc
Sartori Barbearia,+55 11 99309-4113,"Av. Prof. Osvaldo de Oliveira, 687 - Jardim Helena, São Paulo - SP, 08420-280, Brasil",Jardim Helena,5,47,https://www.google.com/maps/search/?api=1&query=Sartori%20Barbearia&query_place_id=ChIJERNfRgZlzpQRj1pFbyrPGGQ
Pingo Barbearia,+55 11 97367-9939,"R. Zorrilho, 88 - Itaquera, São Paulo - SP, 08220-210, Brasil",Itaquera,4.8,6,https://www.google.com/maps/search/?api=1&query=Pingo%20Barbearia&query_place_id=ChIJsfNyKB5nzpQR5IwVFCI_fak
Barbearia dom Bosco Art MV,+55 11 95215-3498,"R. Toritama, 22 - Itaquera, São Paulo - SP, 08290-710, Brasil",Itaquera,3.6,9,https://www.google.com/maps/search/?api=1&query=Barbearia%20dom%20Bosco%20Art%20MV&query_place_id=ChIJK33V6pdmzpQRW0dKjTOWcoY
Brother's Barbearia - Itaquera,+55 11 98359-7206,"R. Ana Maria Sirani, 263 - Jardim Sao Pedro, São Paulo - SP, 08255-400, Brasil",Jardim Sao Pedro,4,3,https://www.google.com/maps/search/?api=1&query=Brother's%20Barbearia%20-%20Itaquera&query_place_id=ChIJa3M1TvdlzpQR6Z3BYoE9vPA
Bomba the barber,+55 11 98677-9793,"R. São João Marcos, 106 - Itaquera, São Paulo - SP, 08420-700, Brasil",Itaquera,4.3,39,https://www.google.com/maps/search/?api=1&query=Bomba%20the%20barber&query_place_id=ChIJozT3MjJkzpQRjLhlwPi-mKo
Alex Cabeleireiro Masculino,+55 11 94579-3152,"R. Virgínia Ferni, 1948 - Itaquera, São Paulo - SP, 08253-001, Brasil",Itaquera,4.8,29,https://www.google.com/maps/search/?api=1&query=Alex%20Cabeleireiro%20Masculino&query_place_id=ChIJ7XnDpKBmzpQRsBXZQvzC4m4
Barbearia ONE VJ,+55 11 96277-2984,"R. São Francisco do Piauí, 651 - Itaquera, São Paulo - SP, 08215-400, Brasil",Itaquera,5,4,https://www.google.com/maps/search/?api=1&query=Barbearia%20ONE%20VJ&query_place_id=ChIJa1HsPQBnzpQRzkIBLRuY8J8
Barbearia Dom Bosco,+55 11 94971-9001,"Rua Joviânia, 50 - Vila Carmosina, São Paulo - SP, 08290-680, Brasil",Vila Carmosina,4,2,https://www.google.com/maps/search/?api=1&query=Barbearia%20Dom%20Bosco&query_place_id=ChIJka3z1ERnzpQRrjnF8Q0bGPE
BARBEARIA MR.AMANCIO,+55 11 98424-7518,"R. Fontoura Xavier, 1157 - loja 10 - Itaquera, São Paulo - SP, 08295-300, Brasil",Itaquera,,,https://www.google.com/maps/search/?api=1&query=BARBEARIA%20MR.AMANCIO&query_place_id=ChIJP0umvUVnzpQRBWoDuHExJ0U
Latinos Barbearia,+55 11 98799-8696,"Av. dos Latinos, 1375 - Jardim Santa Teresinha, São Paulo - SP, 03572-000, Brasil",Jardim Santa Teresinha,5,14,https://www.google.com/maps/search/?api=1&query=Latinos%20Barbearia&query_place_id=ChIJefwl6eFnzpQR8-KzO2DjVso
Barbearia da Villa,+55 11 94713-4008,"R. Forte do Cabo Norte, 88 - Itaquera, São Paulo - SP, 08290-565, Brasil",Itaquera,,,https://www.google.com/maps/search/?api=1&query=Barbearia%20da%20Villa&query_place_id=ChIJf1FhcUxnzpQRNXY3BbWXF9g
Léo Salão barbearia L&L,+55 11 97076-0570,"R. Dr. Rodrigo Pereira Barreto, 123 - Itaquera, São Paulo - SP, 08210-540, Brasil",Itaquera,5,1,https://www.google.com/maps/search/?api=1&query=L%C3%A9o%20Sal%C3%A3o%20barbearia%20L%26L&query_place_id=ChIJj5pLHwBnzpQR01ofEI_ZwN4
Barber shop Trix,+55 11 96124-5577,"R. Mariano Loria, 147 - Parque Cisper, São Paulo - SP, 03819-120, Brasil",Parque Cisper,5,1,https://www.google.com/maps/search/?api=1&query=Barber%20shop%20Trix&query_place_id=ChIJv9W-b-NhzpQRfSQc4fr3dBw
Global Hair,+55 11 95359-2138,"R. Teodoro Sampaio, 2550/ 3534 - Pinheiros, São Paulo - SP, 05406-200, Brasil",Pinheiros,3.7,3,https://www.google.com/maps/search/?api=1&query=Global%20Hair&query_place_id=ChIJLbgB-aBXzpQRRA2RzS4wQg0
Tarcisio Barbearia,+55 11 95461-2343,"R. dos Pinheiros, 92 - Jardim Felicidade(Zona Norte), São Paulo - SP, 02326-005, Brasil",Jardim Felicidade(Zona Norte),5,18,https://www.google.com/maps/search/?api=1&query=Tarcisio%20Barbearia&query_place_id=ChIJ28mZFsb3zpQRpg2JKWucr4E
Barbearia os’parças,+55 11 94872-0527,"R. dos Pinheiros, 11 - Jardim Felicidade(Zona Norte), São Paulo - SP, 02326-005, Brasil",Jardim Felicidade(Zona Norte),4.7,43,https://www.google.com/maps/search/?api=1&query=Barbearia%20os%E2%80%99par%C3%A7as&query_place_id=ChIJAZLmaTf0zpQRmkOIHVna5j0
js barber,+55 11 99765-1313,"R. dos Pinheiros, 37 - Jardim Felicidade (Zona Norte), São Paulo - SP, 02326-005, Brasil",Jardim Felicidade (Zona Norte),4.6,11,https://www.google.com/maps/search/?api=1&query=js%20barber&query_place_id=ChIJScsnqMr1zpQRS0DLv7zkqEI
Barbearia mdp,+55 11 97955-7633,"Av. Mal. Fiuza de Castro, 126 - Jardim Pinheiros, São Paulo - SP, 05596-000, Brasil",Jardim Pinheiros,5,2,https://www.google.com/maps/search/?api=1&query=Barbearia%20mdp&query_place_id=ChIJp1fu2UBXzpQRw_H-9uTxZbQ
Barbearia Conventi II,+55 11 94643-5953,"Dentro do mercado - Av. Alcântara Machado, 2078 - Mooca, São Paulo - SP, 03102-002, Brasil",Mooca,4.9,214,https://www.google.com/maps/search/?api=1&query=Barbearia%20Conventi%20II&query_place_id=ChIJWd8PtnhZzpQRdou_qSEpY1I
Corvino Barbearia,+55 11 94014-3525,"R. Curupacê, 153 - Mooca, São Paulo - SP, 03120-010, Brasil",Mooca,4.9,46,https://www.google.com/maps/search/?api=1&query=Corvino%20Barbearia&query_place_id=ChIJMw7Ag4FZzpQR0tb7r3-8jIA
Ramos Cabeleireiros & barbearia,+55 11 99804-2389,"R. Canuto Saraiva, 193 - Mooca, São Paulo - SP, 03113-010, Brasil",Mooca,4.9,124,https://www.google.com/maps/search/?api=1&query=Ramos%20Cabeleireiros%20%26%20barbearia&query_place_id=ChIJvWE-HUZZzpQRp2ugrc1cpJk
Charles Cabeleireiros,+55 11 5665-8235,"Av. do Rio Bonito, 1893 - Interlagos, São Paulo - SP, 04776-003, Brasil",Interlagos,5,2,https://www.google.com/maps/search/?api=1&query=Charles%20Cabeleireiros&query_place_id=ChIJM1y_G9dPzpQRpjZahutoNYc
Barbearia le cortes,+55 11 94808-0307,"R. Sabiá, 48 - Vargem Grande, São Paulo - SP, 04896-200, Brasil",Vargem Grande,5,69,https://www.google.com/maps/search/?api=1&query=Barbearia%20le%20cortes&query_place_id=ChIJt6QRbY83zpQRbgk2hfwNqgY
Barbearia Wendel Cortes,+55 11 98371-2604,"R. Bartolomeu de Bolonha, 357 - Jardim Silveira, São Paulo - SP, 04892-020, Brasil",Jardim Silveira,4.8,13,https://www.google.com/maps/search/?api=1&query=Barbearia%20Wendel%20Cortes&query_place_id=ChIJe__E4C02zpQRaaqrBM67U_U
Barbearia Senna - Carlinhos,+55 11 99539-3355,"R. Pedro Gavineli, 24 - Jardim Novo Parelheiros, São Paulo - SP, 04890-470, Brasil",Jardim Novo Parelheiros,4.9,21,https://www.google.com/maps/search/?api=1&query=Barbearia%20Senna%20-%20Carlinhos&query_place_id=ChIJeQpnuK5JzpQR4Xy6c2Zlg5U
Barbearia Thiago correia,+55 11 91309-1551,"Av. das Orquídeas, 127 - Colônia (Zona Sul), São Paulo - SP, 04896-320, Brasil",Colônia (Zona Sul),3.8,4,https://www.google.com/maps/search/?api=1&query=Barbearia%20Thiago%20correia&query_place_id=ChIJsVmTuEA3zpQREXZPwIRkUTs
BARBEARIA BLACK’S,+55 11 98583-9783,"R. Reinaldo Casaroli, 281 - Chácara São Silvestre, São Paulo - SP, 04888-070, Brasil",Chácara São Silvestre,5,9,https://www.google.com/maps/search/?api=1&query=BARBEARIA%20BLACK%E2%80%99S&query_place_id=ChIJTYbXhFBJzpQRkFj99iP3A3M
BARBEARIA ( BRUNOO_CORTES ),+55 11 94310-6780,"R. Eduardo Colier Filho, 10 - Parada Cinquenta e Sete, São Paulo - SP, 04897-360, Brasil",Parada Cinquenta e Sete,5,11,https://www.google.com/maps/search/?api=1&query=BARBEARIA%20(%20BRUNOO_CORTES%20)&query_place_id=ChIJtWEidwA3zpQRURCPi_jLFsw
Barbearia Asgard,+55 11 91978-2909,"R. Juritís, 71 - Colônia (Zona Sul), São Paulo - SP, 04895-240, Brasil",Colônia (Zona Sul),5,1,https://www.google.com/maps/search/?api=1&query=Barbearia%20Asgard&query_place_id=ChIJ9_D4VxM3zpQRB_JhkVqzZI4
"Smokman - Barbearia, Outlet, Tabacaria e Loja",+55 11 95909-4726,"Estr. da Colonia Mário Reimberg Christe, 2997 - Colônia (Zona Sul), São Paulo - SP, 04892-000, Brasil",Colônia (Zona Sul),4.6,5,https://www.google.com/maps/search/?api=1&query=Smokman%20-%20Barbearia%2C%20Outlet%2C%20Tabacaria%20e%20Loja&query_place_id=ChIJA62KiRVJzpQRjSx2AwOsBbw
Geraldo Barbearia Mooca,+55 11 98148-8416,"Rua Itapiji, 95 - Vila Prudente, São Paulo - SP, 03193-010, Brasil",Vila Prudente,4.9,64,https://www.google.com/maps/search/?api=1&query=Geraldo%20Barbearia%20Mooca&query_place_id=ChIJf_Ph5nRdzpQRfb_Jh0-flhE
Barbearia_33,+55 11 93249-7453,"R. Visc. de Inhomerim, 690 - Alto da Mooca, São Paulo - SP, 03115-020, Brasil",Alto da Mooca,5,44,https://www.google.com/maps/search/?api=1&query=Barbearia_33&query_place_id=ChIJaaYv0qZZzpQRQWQ769UGZ1s
Barbearia El Don Marttin,+55 11 94642-1547,"Rua Domingos da Fonseca, 34 - Alto da Mooca, São Paulo - SP, 03128-050, Brasil",Alto da Mooca,5,43,https://www.google.com/maps/search/?api=1&query=Barbearia%20El%20Don%20Marttin&query_place_id=ChIJhf6K45dfzpQR3s4laBMkoyE
BARBEARIA J.A,+55 11 96745-7978,"R. Barretos, 421 - Alto da Mooca, São Paulo - SP, 03184-080, Brasil",Alto da Mooca,4.8,131,https://www.google.com/maps/search/?api=1&query=BARBEARIA%20J.A&query_place_id=ChIJ7233zKhezpQRyV7LHLMC_2Y
Falconi Barbearia,+55 11 96339-0146,"R. Fernando Falcão, 1044 - Mooca, São Paulo - SP, 03180-002, Brasil",Mooca,5,48,https://www.google.com/maps/search/?api=1&query=Falconi%20Barbearia&query_place_id=ChIJK1RkaLlfzpQRoJrpUk7964A
Well O Barba,+55 11 96425-2956,"Rua Celso de Azevedo Marques, 731 - Parque da Mooca, São Paulo - SP, 03122-010, Brasil",Parque da Mooca,4.9,23,https://www.google.com/maps/search/?api=1&query=Well%20O%20Barba&query_place_id=ChIJ4YcJGSNfzpQR7F-UTBtBIGo
Herbert Barbearia,+55 11 95132-2198,"Rua Conde Prates, 887 - Parque da Mooca, São Paulo - SP, 03122-000, Brasil",Parque da Mooca,5,35,https://www.google.com/maps/search/?api=1&query=Herbert%20Barbearia&query_place_id=ChIJ12jbrKtezpQRMF_RSMMofSY
Barbearia Dom João Joaquim!,+55 11 94946-6211,"Av. Leôncio de Magalhães, 691 - Jardim São Paulo, São Paulo - SP, 02042-010, Brasil",Jardim São Paulo,5,133,https://www.google.com/maps/search/?api=1&query=Barbearia%20Dom%20Jo%C3%A3o%20Joaquim!&query_place_id=ChIJPyQvfSH2zpQRybOqV3Rve4I
SOHO Hair Trianon Salão de Beleza,+55 11 3288-7718,"Alameda Santos, 1893 - Jardim Paulista, São Paulo - SP, 01419-002, Brasil",Jardim Paulista,4.6,382,https://www.google.com/maps/search/?api=1&query=SOHO%20Hair%20Trianon%20Sal%C3%A3o%20de%20Beleza&query_place_id=ChIJneGBxM1ZzpQRa-kSvlXRkg8
Espaço NG Salão de Beleza,+55 11 98528-0190,"Av. Pedroso de Morais, 1017 - Pinheiros, São Paulo - SP, 05419-001, Brasil",Pinheiros,4.7,111,https://www.google.com/maps/search/?api=1&query=Espa%C3%A7o%20NG%20Sal%C3%A3o%20de%20Beleza&query_place_id=ChIJnY6apKNXzpQRZSkB87rTIuY
BARBEIRORIGINAL desde de 1999 na Mooca Bello,+55 11 96700-6609,"R. Canuto Saraiva, 729 - Mooca, São Paulo - SP, 03113-010, Brasil",Mooca,5,2,https://www.google.com/maps/search/?api=1&query=BARBEIRORIGINAL%20desde%20de%201999%20na%20Mooca%20Bello&query_place_id=ChIJy1mh61ZZzpQRWoQU7ECweL4
BARBEARIA BOINAS,+55 11 94934-7759,"R. Pirajá, 1084 - Mooca, São Paulo - SP, 03190-170, Brasil",Mooca,5,32,https://www.google.com/maps/search/?api=1&query=BARBEARIA%20BOINAS&query_place_id=ChIJm2DytRZdzpQRtbPdJ9P1suU
Família Ramos Cabelo & Barba,+55 11 2601-7822,"Rua Conde Prates, 328 - Parque da Mooca, São Paulo - SP, 03122-000, Brasil",Parque da Mooca,4.9,126,https://www.google.com/maps/search/?api=1&query=Fam%C3%ADlia%20Ramos%20Cabelo%20%26%20Barba&query_place_id=ChIJAQDEnVNZzpQRWcfNbrDwdeg
JMAL Barbearia,+55 11 96254-7557,"Av. Presidente Wilson - Mooca, São Paulo - SP, 03107-001, Brasil",Mooca,,,https://www.google.com/maps/search/?api=1&query=JMAL%20Barbearia&query_place_id=ChIJ22o1QqBZzpQRTgJERsqsKIQ
Barbeiro Marcelo,+55 11 98885-8819,"Rua Camé, 632 - Mooca, São Paulo - SP, 03121-020, Brasil",Mooca,,,https://www.google.com/maps/search/?api=1&query=Barbeiro%20Marcelo&query_place_id=ChIJC4rfs7BZzpQRUlZUvwh-9tk
Gk Barbearia,+55 11 99141-6734,"R. Corumbaiba, 484 - Vila Oratorio, São Paulo - SP, 03189-010, Brasil",Vila Oratorio,5,43,https://www.google.com/maps/search/?api=1&query=Gk%20Barbearia&query_place_id=ChIJwXmLv-9dzpQRdwcBVkE2OGM
Marcio Neves Barbearia,+55 11 97050-8716,"Av. Jd. Japão, 530 - Jardim Brasil (Zona Norte), São Paulo - SP, 02221-000, Brasil",Jardim Brasil (Zona Norte),5,20,https://www.google.com/maps/search/?api=1&query=Marcio%20Neves%20Barbearia&query_place_id=ChIJla3UB_T1zpQR4RqH8S-up8M
Barbearia Sanches,+55 11 95864-7451,"Rua Montebelo, n°948 - Conj. Hab. A. E. Carvalho, São Paulo - SP, 08223-362, Brasil",Conjunto Habitacional A. E. Carvalho,4.4,7,https://www.google.com/maps/search/?api=1&query=Barbearia%20Sanches&query_place_id=ChIJ4QVmzTNhzpQRQsP_HRjM7uE
La Derani Concept,+55 11 2618-3326,"Rua Javari, 378 - Mooca, São Paulo - SP, 03112-100, Brasil",Mooca,4.1,204,https://www.google.com/maps/search/?api=1&query=La%20Derani%20Concept&query_place_id=ChIJD7msmjdZzpQRUCSG8ui_DtM
Teruya,+55 11 2647-3209,"R. Cap. Avelino Carneiro, 240 - Penha de França, São Paulo - SP, 03603-010, Brasil",Penha de França,4.1,167,https://www.google.com/maps/search/?api=1&query=Teruya&query_place_id=ChIJK3VIX1FezpQR8J1i8imYt6o
PEDRO SIMÕES BARBER SHOP,+55 11 98909-0861,"R. Carlos Weber, 276 - Vila Romana, São Paulo - SP, 05303-000, Brasil",Vila Romana,4.9,124,https://www.google.com/maps/search/?api=1&query=PEDRO%20SIM%C3%95ES%20BARBER%20SHOP&query_place_id=ChIJwxVIaWD5zpQRfLK0_xKHUq8
Barbearia Madeira na Lata,+55 11 96034-3011,"Av. Elísio Cordeiro de Siqueira, 247 - Jardim Santo Elias, São Paulo - SP, 05136-001, Brasil",Jardim Santo Elias,4.8,266,https://www.google.com/maps/search/?api=1&query=Barbearia%20Madeira%20na%20Lata&query_place_id=ChIJf1B9NS35zpQRTMY-4nLGt9M
Lucas barbearia,+55 11 98086-5767,"Rua Antônio Viegas de Ataíde, 158 - Vila Pirajussara, São Paulo - SP, 05790-120, Brasil",Vila Pirajussara,5,3,https://www.google.com/maps/search/?api=1&query=Lucas%20barbearia&query_place_id=ChIJwdXCNRtTzpQRxel6W6rTeFg
Escola de Cabeleireiros Similares Teruya,+55 11 3333-3308,"Av. Rio Branco, 99 - Campos Elíseos, São Paulo - SP, 01205-000, Brasil",Campos Elíseos,4.2,169,https://www.google.com/maps/search/?api=1&query=Escola%20de%20Cabeleireiros%20Similares%20Teruya&query_place_id=ChIJG6aW-lBYzpQRw7mtRmQUclw
Barber Studio Z+,+55 11 96085-0721,"R. Albion, 313 - Lapa, São Paulo - SP, 05077-130, Brasil",Lapa,5,2,https://www.google.com/maps/search/?api=1&query=Barber%20Studio%20Z%2B&query_place_id=ChIJLXBQjbn5zpQRd-ipkkOH2dw
Barbearia Moran,+55 11 94701-9441,"Rua Roma, 374 - Lapa, São Paulo - SP, 05050-090, Brasil",Lapa,3.4,25,https://www.google.com/maps/search/?api=1&query=Barbearia%20Moran&query_place_id=ChIJldCYtttXzpQRFWpPn6kW2-Q
Barbearia Five Star,+55 11 98380-3414,"Lapa, São Paulo - SP, 02675-031, Brasil",Lapa,5,1,https://www.google.com/maps/search/?api=1&query=Barbearia%20Five%20Star&query_place_id=ChIJacmH4rD5zpQRFl0upkNg38k
Nova Era - Cabeleireiros Unissex,+55 11 3872-5531,"R. Albion, 20 - Lapa, São Paulo - SP, 05077-130, Brasil",Lapa,4.9,81,https://www.google.com/maps/search/?api=1&query=Nova%20Era%20-%20Cabeleireiros%20Unissex&query_place_id=ChIJ0aciZGP4zpQRy7CHdrP7n9U
Barbearia,+55 11 99462-1247,"R. Monteiro de Melo, 522 - Lapa, São Paulo - SP, 05050-000, Brasil",Lapa,4.6,14,https://www.google.com/maps/search/?api=1&query=Barbearia&query_place_id=ChIJFa23cnv4zpQRh_t5B8EWQNc
Midia Cortes,+55 11 98033-3422,"R. Trajano, 64 - Box 16 - Lapa, São Paulo - SP, 05050-110, Brasil",Lapa,4,8,https://www.google.com/maps/search/?api=1&query=Midia%20Cortes&query_place_id=ChIJIU70rGX4zpQRn4QY3CBT0dg
Wilson Barbearia,+55 11 96818-0770,"R. Coriolano, 2090 - Alto da Lapa, São Paulo - SP, 05078-001, Brasil",Alto da Lapa,5,4,https://www.google.com/maps/search/?api=1&query=Wilson%20Barbearia&query_place_id=ChIJm-WFzHz4zpQRn23I8C0CT2Y
Homem Barba,+55 11 93902-0838,"Av. José Maria de Faria, 326 - Lapa de Baixo, São Paulo - SP, 05038-190, Brasil",Lapa de Baixo,,,https://www.google.com/maps/search/?api=1&query=Homem%20Barba&query_place_id=ChIJ-QSC3Fz4zpQRBpkgPi8FjJs
WP Cursos de Barbeiros,+55 11 95449-7408,"R. Aristides Viadana, 201 - Lapa, São Paulo - SP, 05038-020, Brasil",Lapa,5,22,https://www.google.com/maps/search/?api=1&query=WP%20Cursos%20de%20Barbeiros&query_place_id=ChIJrRJM2Mr5zpQRhPzb7ZNYYK8
Salão Messias,+55 11 3673-8954,"R. Jeroaquara, 51 A - Lapa, São Paulo - SP, 05047-010, Brasil",Lapa,5,4,https://www.google.com/maps/search/?api=1&query=Sal%C3%A3o%20Messias&query_place_id=ChIJ6WuwkyX5zpQRaIOC_UyWL8g
D7 Barbershop - Barbearia na região Perdizes - Barra Funda - Lapa - Agua Branca,+55 11 97013-2574,"R. Min. Godói, 83 - Perdizes, São Paulo - SP, 05015-000, Brasil",Perdizes,5,38,https://www.google.com/maps/search/?api=1&query=D7%20Barbershop%20-%20Barbearia%20na%20regi%C3%A3o%20Perdizes%20-%20Barra%20Funda%20-%20Lapa%20-%20Agua%20Branca&query_place_id=ChIJB0AeOxFZzpQRO8iOlyXP3bU
Studio Scissors,+55 11 98066-6693,"R. Albion, 78 - Lapa, São Paulo - SP, 05077-130, Brasil",Lapa,5,23,https://www.google.com/maps/search/?api=1&query=Studio%20Scissors&query_place_id=ChIJjyprRAD5zpQRmDNntafQvq8
NS salão & Barbearia,+55 11 97822-8556,"R. John Harrison, 107 - Lapa, São Paulo - SP, 05072-020, Brasil",Lapa,5,16,https://www.google.com/maps/search/?api=1&query=NS%20sal%C3%A3o%20%26%20Barbearia&query_place_id=ChIJm2Yf0yn5zpQR2pHKsmxqbRM
Rei da Tesourinha - Pompeia,+55 11 94193-6182,"R. Dr. Miranda de Azevedo, 493 - Lapa, São Paulo - SP, 05027-000, Brasil",Lapa,5,33,https://www.google.com/maps/search/?api=1&query=Rei%20da%20Tesourinha%20-%20Pompeia&query_place_id=ChIJk5fzVQD5zpQRQajMkkyL8NI
Barbearia da Vila,+55 11 95434-3495,"Rua Giovanni da Conegliano, 384 - Vila Liviero, São Paulo - SP, 04186-020, Brasil",Vila Liviero,4.8,47,https://www.google.com/maps/search/?api=1&query=Barbearia%20da%20Vila&query_place_id=ChIJjQhVkqxEzpQRADppLeFk388
Barbearia Pegasus,+55 11 96069-5468,"Av. Mariana de Sousa Guerra, 600 - Jardim Vila Carrao, São Paulo - SP, 08340-220, Brasil",Jardim Vila Carrao,4.8,22,https://www.google.com/maps/search/?api=1&query=Barbearia%20Pegasus&query_place_id=ChIJMdBxgZZozpQRbFfmJJBnomg
Barbearia do Cunhado,+55 11 96718-4878,"Av. Mariana de Sousa Guerra, 615 - Jardim Vila Carrao, São Paulo - SP, 08340-220, Brasil",Jardim Vila Carrao,4.7,6,https://www.google.com/maps/search/?api=1&query=Barbearia%20do%20Cunhado&query_place_id=ChIJhZkBMippzpQRsnn3A1NW-UI
Barbearia PEGASUS,+55 11 96995-2666,"Av. Mariana de Sousa Guerra, 445 - Jardim Vila Carrao, São Paulo - SP, 08340-220, Brasil",Jardim Vila Carrao,4.7,14,https://www.google.com/maps/search/?api=1&query=Barbearia%20PEGASUS&query_place_id=ChIJ_cIgnJZozpQRY7sXfclZt7s
Barbearia São Mateus,+55 11 3741-6917,"Av. Mariana de Sousa Guerra, 580 - Jardim Vila Carrao, São Paulo - SP, 08340-220, Brasil",Jardim Vila Carrao,,,https://www.google.com/maps/search/?api=1&query=Barbearia%20S%C3%A3o%20Mateus&query_place_id=ChIJ4RNi9sppzpQRP3BqAAi34v8
Barbearia Mariana Rodrigues,+55 11 97734-0885,"R. Antônio Amaral, 57 - Vila Antonieta, São Paulo - SP, 03474-070, Brasil",Vila Antonieta,,,https://www.google.com/maps/search/?api=1&query=Barbearia%20Mariana%20Rodrigues&query_place_id=ChIJsxJO-ghnzpQRKZai_YB25Q8
Jhonny barbeiro,+55 11 96883-0381,"R. Dr. Neto de Araújo, 433 - Vila Mariana, São Paulo - SP, 04111-000, Brasil",Vila Mariana,5,33,https://www.google.com/maps/search/?api=1&query=Jhonny%20barbeiro&query_place_id=ChIJefhQnERbzpQRO07bjYledxw
Salão Chiquinho,+55 11 5549-8371,"R. França Pinto, 617 - Vila Mariana, São Paulo - SP, 04016-002, Brasil",Vila Mariana,4.6,242,https://www.google.com/maps/search/?api=1&query=Sal%C3%A3o%20Chiquinho&query_place_id=ChIJ1ckjbYhZzpQRiFPVfc6BpEI
Salão União,+55 11 97412-3925,"R. da União, 203 - Vila Mariana, São Paulo - SP, 04107-010, Brasil",Vila Mariana,4.8,46,https://www.google.com/maps/search/?api=1&query=Sal%C3%A3o%20Uni%C3%A3o&query_place_id=ChIJr5w_4YFZzpQRf8Phfm9e1Ws
barbearia_agnaldo_silva,+55 11 96286-1320,"Rua Pero Correia, 621 - Vila Mariana, São Paulo - SP, 04113-041, Brasil",Vila Mariana,5,2,https://www.google.com/maps/search/?api=1&query=barbearia_agnaldo_silva&query_place_id=ChIJ0b8fTbRbzpQRfXp4auaHLZo
JN Carvalho,+55 11 98613-4003,"R. Santa Cruz, 298 - Vila Mariana, São Paulo - SP, 04121-001, Brasil",Vila Mariana,4.9,30,https://www.google.com/maps/search/?api=1&query=JN%20Carvalho&query_place_id=ChIJ-Tbifi9bzpQRMfJy-GqSNgQ
Barbearia Machado de Assis,+55 11 96651-6472,"Rua Gaspar Lourenço, 162 - Vila Mariana, São Paulo - SP, 04107-001, Brasil",Vila Mariana,4.7,27,https://www.google.com/maps/search/?api=1&query=Barbearia%20Machado%20de%20Assis&query_place_id=ChIJ4UIm0INZzpQR3kIQ0xjRY5Q
Barbearia Dom Alex,+55 11 97617-1021,"R. Domingos de Morais, 770 - Loja 35 - Vila Mariana, São Paulo - SP, 04010-903, Brasil",Vila Mariana,4.6,34,https://www.google.com/maps/search/?api=1&query=Barbearia%20Dom%20Alex&query_place_id=ChIJtfOU7UJZzpQRbyO-Sr4drZI
Barbearia Rogério Cardoso,+55 11 93960-1098,"galeria da lotérica Mirandópolis - Metrô praça da árvore, R. Guaraú, 57 - Vila Clementino, São Paulo - SP, 04052-000, Brasil",Vila Clementino,5,225,https://www.google.com/maps/search/?api=1&query=Barbearia%20Rog%C3%A9rio%20Cardoso&query_place_id=ChIJC2QovHlbzpQRTmAJfkecgR4